8,33,1,378160,0.092000,0.044000
8,33,1,378200,-0.025000,0.432000
8,33,1,378240,-0.104000,0.008000
8,33,1,378280,0.056000,-0.264000
8,33,1,378320,0.074000,-0.195000
8,33,1,378360,-0.147000,-0.373000
8,33,1,378400,-0.237000,-0.130000
8,33,1,378440,-0.114000,0.497000
8,33,1,378480,-0.252000,-0.128000
8,33,1,378520,-0.865000,0.378000
8,33,1,378550,-0.714000,0.882000
8,33,1,378590,-0.281000,-0.818000
8,33,1,378630,0.228000,-0.620000
8,33,1,378670,-0.018000,0.745000
8,33,1,378710,-0.546000,0.246000
8,33,1,378750,0.247000,-0.857000
8,33,1,378790,0.851000,-0.139000
8,33,1,378830,0.654000,0.115000
8,33,1,378870,-0.174000,-0.063000
8,33,1,378910,0.012000,0.306000
8,33,1,378940,0.429000,0.213000
8,33,1,378980,0.645000,-0.404000
8,33,1,379020,0.300000,-0.604000
8,33,1,379060,0.138000,0.056000
8,33,1,379100,0.030000,0.101000
8,33,1,379140,-0.077000,0.335000
8,33,1,379180,0.129000,-0.236000
8,33,1,379220,-0.545000,0.102000
8,33,1,379260,-0.545000,0.114000
8,33,1,379300,-0.543000,-0.092000
8,33,1,379340,0.256000,-0.482000
8,33,1,379370,0.425000,-0.528000
8,33,1,379410,0.207000,0.445000
8,33,1,379450,-0.417000,0.426000
8,33,1,379490,-0.275000,-0.121000
8,33,1,379530,-0.107000,0.014000
8,33,1,379570,0.130000,0.606000
8,33,1,379610,-0.360000,0.161000
8,33,1,379650,-0.756000,0.206000
8,33,1,379690,-0.148000,0.035000
8,33,1,379730,0.399000,-0.230000
8,33,1,379760,0.910000,-0.693000
8,33,1,379800,0.230000,0.301000
8,33,1,379840,0.137000,0.129000
8,33,1,379880,0.027000,-0.417000
8,33,1,379920,0.285000,0.042000
8,33,1,379960,-0.133000,-0.254000
8,33,1,380000,-0.123000,0.081000
8,33,1,380040,-0.139000,0.183000
8,33,1,380080,-0.137000,-0.252000
8,33,1,380120,-0.017000,-0.262000
8,33,1,380160,-0.123000,0.387000
8,33,1,380200,-0.258000,0.103000
8,33,1,380230,-0.249000,0.021000
8,33,1,380270,-0.200000,0.320000
8,33,1,380310,0.194000,-0.083000
8,33,1,380350,0.056000,-0.096000
8,33,1,380390,-0.261000,0.595000
8,33,1,380430,-0.288000,-0.061000
8,33,1,380470,-0.219000,0.099000
8,33,1,380510,0.029000,0.401000
8,33,1,380550,-0.215000,-0.329000
8,33,1,380580,-0.364000,-0.478000
8,33,1,380620,-0.304000,-0.013000
8,33,1,380660,-0.568000,0.418000
8,33,1,380700,-0.094000,-0.176000
8,33,1,380740,0.347000,-0.152000
8,33,1,380780,0.407000,0.336000
8,33,1,380820,0.403000,0.129000
8,33,1,380860,0.661000,-0.151000
8,33,1,380900,1.116000,-0.136000
8,33,1,380940,0.992000,0.026000
8,33,1,380980,0.291000,0.159000
8,33,1,381020,-0.229000,0.216000
8,33,1,381050,-0.436000,-0.071000
8,33,1,381090,-0.307000,0.023000
8,33,1,381130,0.086000,-0.003000
8,33,1,381170,-0.197000,0.185000
8,33,1,381210,-0.063000,0.201000
8,33,1,381250,0.026000,0.032000
8,33,1,381290,0.014000,-0.167000
8,33,1,381330,-0.467000,-0.096000
8,33,1,381370,-0.685000,0.271000
8,33,1,381410,-0.796000,0.012000
8,33,1,381440,-0.462000,-0.269000
8,33,1,381480,0.054000,-0.367000
8,33,1,381520,0.471000,0.124000
8,33,1,381560,0.658000,-0.057000
8,33,1,381600,0.422000,-0.000000
8,33,1,381640,0.739000,0.365000
8,33,1,381680,0.345000,0.669000
8,33,1,381720,-0.204000,0.165000
8,33,1,381760,-0.394000,-0.072000
8,33,1,381800,-0.217000,0.216000
8,33,1,381840,0.107000,-0.364000
8,33,1,381870,-0.126000,-0.117000
8,33,1,381910,-0.077000,0.258000
8,33,1,381950,0.283000,-0.354000
8,33,1,381990,0.594000,-0.003000
8,33,1,382030,0.952000,-0.249000
8,33,1,382070,0.667000,-0.314000
8,33,1,382110,0.239000,0.097000
8,33,1,382150,0.123000,0.155000
8,33,1,382190,-0.118000,0.287000
8,33,1,382230,-0.269000,0.125000
8,33,1,382260,-0.373000,0.034000
8,33,1,382300,-0.706000,-0.131000
8,33,1,382340,-0.430000,-0.467000
8,33,1,382380,-0.411000,0.232000
8,33,1,382420,-0.196000,0.366000
8,33,1,382460,-0.182000,-0.333000
8,33,1,382500,-0.092000,0.051000
8,33,1,382540,0.046000,0.224000
8,33,1,382580,0.218000,-0.108000
8,33,1,382620,-0.277000,0.426000
8,33,1,382660,-0.429000,0.141000
8,33,1,382700,-0.851000,-0.301000
8,33,1,382730,-0.494000,0.213000
8,33,1,382770,-0.256000,0.099000
8,33,1,382810,-0.387000,0.595000
8,33,1,382850,0.100000,0.350000
8,33,1,382890,0.291000,-0.220000
8,33,1,382930,0.769000,-0.338000
8,33,1,382970,0.727000,-0.249000
8,33,1,383010,0.048000,0.071000
8,33,1,383050,-0.364000,-0.029000
8,33,1,383080,-0.441000,0.254000
8,33,1,383120,-0.138000,0.071000
8,33,1,383160,0.053000,-0.539000
8,33,1,383200,-0.345000,0.259000
8,33,1,383240,-0.083000,0.067000
8,33,1,383280,0.199000,-0.117000
8,33,1,383320,0.485000,0.344000
8,33,1,383360,-0.109000,-0.182000
8,33,1,383400,-0.614000,0.411000
8,33,1,383440,-0.396000,0.120000
8,33,1,383480,-0.381000,-0.158000
8,33,1,383520,-0.210000,0.187000
8,33,1,383550,-0.186000,-0.211000
8,33,1,383590,0.222000,-0.141000
8,33,1,383630,0.284000,0.307000
8,33,1,383670,0.542000,-0.390000
8,33,1,383710,0.125000,-0.264000
8,33,1,383750,-0.120000,0.209000
8,33,1,383790,-0.471000,0.272000
8,33,1,383830,-0.491000,0.357000
8,33,1,383870,-0.275000,-0.825000
8,33,1,383910,-0.036000,-0.138000
8,33,1,383940,0.246000,0.418000
8,33,1,383980,0.212000,-0.424000
8,33,1,384020,-0.148000,-0.000000
8,33,1,384060,0.023000,0.365000
8,33,1,384100,-0.028000,0.224000
8,33,1,384140,-0.299000,0.218000
8,33,1,384180,-0.437000,-0.149000
8,33,1,384220,-0.385000,-0.092000
8,33,1,384260,-0.241000,-0.529000
8,33,1,384300,-0.578000,0.169000
8,33,1,384340,-0.301000,0.122000
8,33,1,384370,-0.037000,-0.301000
8,33,1,384410,0.381000,0.276000
8,33,1,384450,-0.143000,0.253000
8,33,1,384490,-0.215000,-0.463000
8,33,1,384530,-0.174000,-0.354000
8,33,1,384570,0.221000,0.210000
8,33,1,384610,0.194000,-0.360000
8,33,1,384650,0.196000,-0.243000
8,33,1,384690,0.002000,0.047000
8,33,1,384730,-0.054000,-0.140000
8,33,1,384760,0.442000,-0.117000
8,33,1,384800,0.485000,0.192000
8,33,1,384840,0.056000,0.088000
8,33,1,384880,-0.335000,0.105000
8,33,1,384920,-0.209000,-0.359000
8,33,1,384960,-0.347000,-0.082000
8,33,1,385000,-0.412000,0.522000
8,33,1,385040,-0.354000,0.018000
8,33,1,385080,-0.439000,-0.370000
8,33,1,385120,-0.337000,-0.051000
8,33,1,385160,-0.114000,0.025000
8,33,1,385200,-0.085000,-0.175000
8,33,1,385230,-0.014000,-0.136000
8,33,1,385270,0.166000,-0.107000
8,33,1,385310,0.425000,-0.092000
8,33,1,385350,0.319000,0.304000
8,33,1,385390,0.107000,-0.019000
8,33,1,385430,0.180000,-0.352000
8,33,1,385470,0.317000,-0.166000
8,33,1,385510,-0.150000,0.031000
8,33,1,385550,-0.271000,0.327000
8,33,1,385580,-0.062000,0.045000
8,33,1,385620,0.312000,-0.474000
8,33,1,385660,0.322000,0.097000
8,33,1,385700,0.201000,0.497000
8,33,1,385740,0.135000,-0.288000
8,33,1,385780,0.137000,-0.190000
8,33,1,385820,0.227000,0.285000
8,33,1,385860,0.014000,0.170000
8,33,1,385900,-0.284000,-0.206000
8,33,1,385940,-0.424000,0.065000
8,33,1,385980,0.001000,0.234000
8,33,1,386020,0.239000,-0.165000
8,33,1,386050,0.354000,-0.238000
8,33,1,386090,0.256000,0.126000
8,33,1,386130,-0.230000,0.071000
8,33,1,386170,-0.600000,-0.275000
8,33,1,386210,-0.593000,0.157000
8,33,1,386250,-0.150000,0.279000
8,33,1,386290,0.110000,-0.325000
8,33,1,386330,-0.249000,0.067000
8,33,1,386370,-0.392000,0.153000
8,33,1,386410,-0.196000,-0.144000
8,33,1,386440,0.508000,-0.047000
8,33,1,386480,0.651000,0.259000
8,33,1,386520,0.421000,0.247000
8,33,1,386560,-0.231000,-0.070000
8,33,1,386600,-0.104000,0.075000
8,33,1,386640,0.367000,-0.129000
8,33,1,386680,0.823000,-0.011000
8,33,1,386720,0.740000,-0.156000
8,33,1,386760,0.329000,-0.661000
8,33,1,386800,-0.066000,-0.088000
8,33,1,386840,-0.156000,0.727000
8,33,1,386870,-0.163000,0.025000
8,33,1,386910,-0.558000,0.087000
8,33,1,386950,-0.453000,0.192000
8,33,1,386990,-0.458000,0.051000
8,33,1,387030,-0.032000,-0.099000
8,33,1,387070,0.200000,-0.215000
8,33,1,387110,0.132000,0.281000
8,33,1,387150,-0.302000,-0.082000
8,33,1,387190,-0.653000,0.254000
8,33,1,387230,-0.298000,0.314000
8,33,1,387260,-0.168000,-0.161000
8,33,1,387300,0.175000,-0.297000
8,33,1,387340,-0.019000,0.082000
8,33,1,387380,-0.174000,0.515000
8,33,1,387420,-0.294000,-0.036000
8,33,1,387460,0.227000,-0.168000
8,33,1,387500,0.379000,0.113000
8,33,1,387540,0.031000,0.202000
8,33,1,387580,-0.134000,-0.180000
8,33,1,387620,0.136000,0.017000
8,33,1,387660,0.866000,-0.106000
8,33,1,387700,0.863000,-0.338000
8,33,1,387730,0.399000,-0.062000
8,33,1,387770,-0.216000,0.463000
8,33,1,387810,-0.168000,0.057000
8,33,1,387850,-0.460000,0.171000
8,33,1,387890,-0.768000,0.606000
8,33,1,387930,-0.900000,0.235000
8,33,1,387970,-0.369000,-0.517000
8,33,1,388010,0.246000,-0.010000
8,33,1,388050,0.165000,0.431000
8,33,1,388080,-0.460000,-0.285000
8,33,1,388120,-0.638000,-0.170000
8,33,1,388160,-0.312000,0.529000
8,33,1,388200,0.355000,-0.379000
8,33,1,388240,0.346000,-0.290000
8,33,1,388280,0.480000,0.019000
8,33,1,388320,-0.210000,0.394000
8,33,1,388360,-0.000000,0.155000
8,33,1,388400,0.046000,-0.123000
8,33,1,388440,0.272000,0.534000
8,33,1,388480,-0.037000,-0.017000
8,33,1,388520,-0.051000,-0.348000
8,33,1,388550,0.255000,-0.432000
8,33,1,388590,0.524000,0.263000
8,33,1,388630,0.030000,0.489000
8,33,1,388670,-0.516000,-0.087000
8,33,1,388710,-0.555000,0.177000
8,33,1,388750,-0.008000,0.319000
8,33,1,388790,0.189000,-0.629000
8,33,1,388830,-0.299000,-0.190000
8,33,1,388870,-0.287000,0.428000
8,33,1,388910,-0.161000,-0.091000
8,33,1,388940,-0.043000,0.153000
8,33,1,388980,0.450000,0.007000
8,33,1,389020,-0.267000,0.010000
8,33,1,389060,-0.265000,0.308000
8,33,1,389100,-0.243000,0.062000
8,33,1,389140,-0.281000,0.684000
8,33,1,389180,-0.226000,-0.022000
8,33,1,389220,-0.597000,0.097000
8,33,1,389260,-0.412000,0.146000
8,33,1,389300,-0.072000,-0.489000
8,33,1,389340,0.215000,-0.242000
8,33,1,389370,0.219000,-0.329000
8,33,1,389410,-0.078000,0.228000
8,33,1,389450,0.186000,-0.017000
8,33,1,389490,0.497000,-0.202000
8,33,1,389530,0.665000,0.097000
8,33,1,389570,0.227000,-0.200000
8,33,1,389610,-0.482000,0.115000
8,33,1,389650,-0.476000,0.110000
8,33,1,389690,-0.314000,0.239000
8,33,1,389730,-0.025000,-0.500000
8,33,1,389760,-0.217000,-0.266000
8,33,1,389800,0.406000,-0.156000
8,33,1,389840,0.192000,0.120000
8,33,1,389880,0.280000,0.182000
8,33,1,389920,0.196000,-0.811000
8,33,1,389960,-0.077000,0.180000
8,33,1,390000,-0.202000,0.183000
8,33,1,390040,-0.366000,0.487000
8,33,1,390080,0.118000,0.025000
8,33,1,390120,0.301000,-0.824000
8,33,1,390160,-0.137000,0.325000
8,33,1,390200,-0.349000,0.339000
8,33,1,390230,-0.625000,-0.032000
8,33,1,390270,0.404000,-0.672000
8,33,1,390310,0.700000,-0.327000
8,33,1,390350,0.183000,0.789000
8,33,1,390390,-0.577000,-0.238000
8,33,1,390430,-0.561000,0.093000
8,33,1,390470,-0.002000,-0.134000
8,33,1,390510,0.164000,-0.545000
8,33,1,390550,-0.097000,-0.077000
8,33,1,390580,-0.349000,0.587000
8,33,1,390620,0.400000,-0.289000
8,33,1,390660,0.401000,-0.254000
8,33,1,390700,0.461000,0.053000
8,33,1,390740,-0.538000,0.096000
8,33,1,390780,-0.638000,0.021000
8,33,1,390820,-0.529000,-0.291000
8,33,1,390860,0.343000,0.098000
8,33,1,390900,0.467000,-0.295000
8,33,1,390940,0.384000,0.112000
8,33,1,390980,0.011000,0.073000
8,33,1,391020,-0.108000,0.037000
8,33,1,391050,0.332000,-0.250000
8,33,1,391090,0.265000,0.446000
8,33,1,391130,0.528000,-0.044000
8,33,1,391170,0.408000,-0.713000
8,33,1,391210,0.335000,0.146000
8,33,1,391250,-0.119000,0.045000
8,33,1,391290,-0.368000,-0.171000
8,33,1,391330,-0.402000,-0.123000
8,33,1,391370,0.092000,0.213000
8,33,1,391410,0.341000,0.165000
8,33,1,391440,0.304000,-0.025000
8,33,1,391480,0.093000,0.113000
8,33,1,391520,-0.195000,-0.061000
8,33,1,391560,-0.155000,0.008000
8,33,1,391600,-0.117000,0.314000
8,33,1,391640,0.330000,-0.599000
8,33,1,391680,0.509000,-0.286000
8,33,1,391720,0.625000,0.372000
8,33,1,391760,-0.011000,-0.188000
8,33,1,391800,-0.419000,-0.318000
8,33,1,391840,-0.460000,0.247000
8,33,1,391870,0.052000,0.588000
8,33,1,391910,0.112000,0.133000
8,33,1,391950,0.564000,-0.175000
8,33,1,391990,0.651000,-0.272000
8,33,1,392030,0.483000,-0.156000
8,33,1,392070,-0.211000,0.213000
8,33,1,392110,-0.409000,0.596000
8,33,1,392150,-0.457000,0.172000
8,33,1,392190,0.360000,-0.194000
8,33,1,392230,0.943000,-0.104000
8,33,1,392260,0.903000,0.403000
8,33,1,392300,0.772000,-0.244000
8,33,1,392340,0.255000,-0.184000
8,33,1,392380,-0.177000,0.068000
8,33,1,392420,-0.750000,0.090000
8,33,1,392460,-0.833000,0.001000
8,33,1,392500,-0.619000,0.576000
8,33,1,392540,0.404000,0.062000
8,33,1,392580,0.821000,-0.500000
8,33,1,392620,1.370000,-0.021000
8,33,1,392660,1.168000,-0.338000
8,33,1,392700,0.098000,0.795000
8,33,1,392730,-0.405000,-0.005000
8,33,1,392770,-0.557000,-0.347000
8,33,1,392810,-0.168000,0.466000
8,33,1,392850,-0.025000,0.218000
8,33,1,392890,0.116000,-0.003000
8,33,1,392930,0.318000,-0.240000
8,33,1,392970,0.350000,0.258000
8,33,1,393010,-0.023000,0.430000
8,33,1,393050,-0.497000,0.454000
8,33,1,393080,-0.449000,0.518000
8,33,1,393120,0.241000,-0.023000
8,33,1,393160,0.686000,-0.191000
8,33,1,393200,0.433000,-0.087000
8,33,1,393240,-0.149000,-0.123000
8,33,1,393280,-0.357000,-0.113000
8,33,1,393320,-0.345000,0.168000
8,33,1,393360,-0.178000,0.232000
8,33,1,393400,0.162000,-0.156000
8,33,1,393440,0.531000,0.035000
8,33,1,393480,1.125000,0.051000
8,33,1,393520,1.070000,0.141000
8,33,1,393550,0.427000,0.100000
8,33,1,393590,-0.125000,0.090000
8,33,1,393630,-0.565000,0.597000
8,33,1,393670,-0.606000,0.406000
8,33,1,393710,-0.520000,0.173000
8,33,1,393750,-0.125000,0.021000
8,33,1,393790,0.175000,0.186000
8,33,1,393830,-0.009000,0.069000
8,33,1,393870,-0.195000,-0.065000
8,33,1,393910,-0.167000,-0.003000
8,33,1,393940,-0.233000,-0.314000
8,33,1,393980,-0.462000,0.109000
8,33,1,394020,-0.506000,0.221000
8,33,1,394060,-0.472000,0.448000
8,33,1,394100,-0.081000,0.489000
8,33,1,394140,-0.037000,-0.022000
8,33,1,394180,-0.315000,0.311000
8,33,1,394220,-0.348000,-0.007000
8,33,1,394260,-0.360000,0.153000
8,33,1,394300,0.135000,0.102000
8,33,1,394340,-0.067000,0.521000
8,33,1,394370,-0.206000,0.356000
8,33,1,394410,-0.306000,-0.371000
8,33,1,394450,0.040000,-0.101000
8,33,1,394490,0.157000,-0.115000
8,33,1,394530,-0.148000,0.392000
8,33,1,394570,-0.394000,-0.106000
8,33,1,394610,0.028000,-0.202000
8,33,1,394650,0.647000,-0.068000
8,33,1,394690,0.191000,0.366000
8,33,1,394730,-0.379000,-0.008000
8,33,1,394760,-1.294000,0.351000
8,33,1,394800,-0.555000,0.379000
8,33,1,394840,0.047000,-0.308000
8,33,1,394880,0.712000,-0.202000
8,33,1,394920,0.586000,-0.352000
8,33,1,394960,0.151000,0.262000
8,33,1,395000,-0.116000,-0.050000
8,33,1,395040,-0.218000,-0.055000
8,33,1,395080,-0.224000,-0.433000
8,33,1,395120,-0.206000,-0.332000
8,33,1,395160,-0.016000,0.295000
8,33,1,395200,0.289000,0.219000
8,33,1,395230,0.695000,-0.056000
8,33,1,395270,0.617000,-0.094000
8,33,1,395310,0.589000,-0.365000
8,33,1,395350,-0.354000,0.445000
8,33,1,395390,-0.536000,0.499000
8,33,1,395430,-0.320000,-0.585000
8,33,1,395470,-0.040000,0.139000
8,33,1,395510,0.374000,0.166000
8,33,1,395550,-0.059000,0.254000
8,33,1,395580,0.118000,-0.261000
8,33,1,395620,0.087000,-0.404000
8,33,1,395660,0.281000,0.406000
8,33,1,395700,0.212000,-0.346000
8,33,1,395740,-0.081000,0.156000
8,33,1,395780,0.400000,-0.468000
8,33,1,395820,0.426000,-0.607000
8,33,1,395860,-0.186000,0.376000
8,33,1,395900,-0.908000,0.251000
8,33,1,395940,-0.936000,0.220000
8,33,1,395980,-0.143000,-0.181000
8,33,1,396020,0.946000,-0.498000
8,33,1,396050,0.611000,0.439000
8,33,1,396090,0.218000,-0.024000
8,33,1,396130,-0.208000,-0.017000
8,33,1,396170,0.042000,0.513000
8,33,1,396210,0.144000,-0.529000
8,33,1,396250,0.043000,-0.171000
8,33,1,396290,-0.122000,0.591000
8,33,1,396330,-0.091000,0.288000
8,33,1,396370,0.067000,-0.739000
8,33,1,396410,0.185000,-0.135000
8,33,1,396440,0.230000,0.097000
8,33,1,396480,-0.161000,-0.179000
8,33,1,396520,0.264000,0.066000
8,33,1,396560,0.530000,-0.267000
8,33,1,396600,0.396000,-0.250000
8,33,1,396640,-0.276000,0.119000
8,33,1,396680,-0.895000,0.402000
8,33,1,396720,-0.869000,-0.207000
8,33,1,396760,0.002000,-0.336000
8,33,1,396800,0.371000,0.460000
8,33,1,396840,0.429000,-0.168000
8,33,1,396870,0.219000,-0.225000
8,33,1,396910,0.096000,0.577000
8,33,1,396950,-0.124000,-0.178000
8,33,1,396990,-0.499000,-0.303000
8,33,1,397030,-1.013000,0.172000
8,33,1,397070,-0.613000,0.154000
8,33,1,397110,0.231000,-0.123000
8,33,1,397150,1.100000,-0.080000
8,33,1,397190,1.286000,-0.535000
8,33,1,397230,0.244000,0.083000
8,33,1,397260,-0.435000,0.318000
8,33,1,397300,-0.714000,-0.008000
8,33,1,397340,-0.141000,0.026000
8,33,1,397380,0.361000,-0.444000
8,33,1,397420,0.452000,0.163000
8,33,1,397460,0.033000,0.286000
8,33,1,397500,-0.234000,0.247000
8,33,1,397540,-0.146000,0.034000
8,33,1,397580,-0.122000,-0.274000
8,33,1,397620,-0.165000,-0.007000
8,33,1,397660,-0.186000,0.017000
8,33,1,397700,0.046000,0.257000
8,33,1,397730,0.316000,0.180000
8,33,1,397770,0.392000,-0.172000
8,33,1,397810,-0.280000,-0.089000
8,33,1,397850,-0.724000,0.058000
8,33,1,397890,-0.550000,0.047000
8,33,1,397930,-0.056000,0.262000
8,33,1,397970,0.509000,-0.107000
8,33,1,398010,0.667000,-0.139000
8,33,1,398050,0.424000,-0.051000
8,33,1,398080,-0.134000,0.136000
8,33,1,398120,-0.085000,-0.128000
8,33,1,398160,-0.364000,0.136000
8,33,1,398200,-0.172000,0.266000
8,33,1,398240,-0.062000,-0.154000
8,33,1,398280,0.100000,0.571000
8,33,1,398320,0.349000,0.056000
8,33,1,398360,0.276000,-0.086000
8,33,1,398400,0.351000,-0.167000
8,33,1,398440,0.277000,-0.134000
8,33,1,398480,0.129000,0.063000
8,33,1,398520,-0.020000,-0.006000
8,33,1,398550,0.107000,-0.052000
8,33,1,398590,0.252000,-0.302000
8,33,1,398630,0.243000,0.041000
8,33,1,398670,-0.195000,0.419000
8,33,1,398710,-0.357000,-0.029000
8,33,1,398750,-0.697000,0.225000
8,33,1,398790,-0.553000,0.163000
8,33,1,398830,-0.386000,-0.370000
8,33,1,398870,0.352000,0.310000
8,33,1,398910,0.678000,0.329000
8,33,1,398940,0.530000,0.023000
8,33,1,398980,0.083000,-0.388000
8,33,1,399020,-0.569000,0.084000
8,33,1,399060,-1.041000,0.183000
8,33,1,399100,-0.888000,0.135000
8,33,1,399140,-0.297000,0.344000
8,33,1,399180,0.495000,0.241000
8,33,1,399220,1.020000,-0.374000
8,33,1,399260,0.478000,0.078000
8,33,1,399300,0.075000,-0.060000
8,33,1,399340,-0.868000,0.128000
8,33,1,399370,-1.080000,0.497000
8,33,1,399410,-0.781000,0.024000
8,33,1,399450,-0.256000,0.103000
8,33,1,399490,0.710000,-0.376000
8,33,1,399530,0.934000,0.266000
8,33,1,399570,0.473000,0.235000
8,33,1,399610,-0.119000,-0.140000
8,33,1,399650,-0.584000,0.246000
8,33,1,399690,-0.597000,0.011000
8,33,1,399730,-0.388000,0.065000
8,33,1,399760,-0.173000,0.177000
8,33,1,399800,0.213000,0.236000
8,33,1,399840,0.332000,0.052000
8,33,1,399880,0.082000,-0.056000
8,33,1,399920,-0.244000,0.068000
8,33,1,399960,-1.017000,0.617000
8,33,1,400000,-0.979000,-0.074000
8,33,1,400040,-0.707000,-0.168000
8,33,1,400080,0.130000,0.317000
8,33,1,400120,0.451000,-0.223000
8,33,1,400160,0.215000,-0.053000
8,33,1,400200,-0.036000,-0.192000
8,33,1,400230,-0.382000,0.233000
8,33,1,400270,-0.485000,0.068000
8,33,1,400310,-0.309000,0.225000
8,33,1,400350,0.080000,0.581000
8,33,1,400390,0.250000,-0.053000
8,33,1,400430,0.416000,-0.182000
8,33,1,400470,-0.326000,0.505000
8,33,1,400510,-0.825000,0.220000
8,33,1,400550,-0.872000,-0.272000
8,33,1,400580,-0.284000,0.421000
8,33,1,400620,0.269000,-0.314000
8,33,1,400660,0.396000,-0.575000
8,33,1,400700,0.186000,0.135000
8,33,1,400740,-0.101000,0.067000
8,33,1,400780,-0.268000,-0.128000
8,33,1,400820,-0.100000,0.290000
8,33,1,400860,-0.414000,0.274000
8,33,1,400900,-0.302000,-0.460000
8,33,1,400940,-0.517000,0.215000
8,33,1,400980,-0.351000,0.605000
8,33,1,401020,-0.017000,-0.540000
8,33,1,401050,0.323000,-0.015000
8,33,1,401090,0.724000,-0.163000
8,33,1,401130,0.135000,-0.021000
8,33,1,401170,-0.198000,-0.186000
8,33,1,401210,-0.406000,0.210000
8,33,1,401250,-0.376000,0.709000
8,33,1,401290,0.004000,-0.762000
8,33,1,401330,0.368000,-0.541000
8,33,1,401370,0.603000,0.240000
8,33,1,401410,0.441000,0.102000
8,33,1,401440,0.089000,0.349000
8,33,1,401480,0.351000,-0.075000
8,33,1,401520,0.479000,-0.423000
8,33,1,401560,0.374000,-0.126000
8,33,1,401600,0.052000,-0.031000
8,33,1,401640,-0.944000,0.298000
8,33,1,401680,-0.971000,0.023000
8,33,1,401720,-0.409000,0.105000
8,33,1,401760,-0.106000,0.338000
8,33,1,401800,0.579000,-0.378000
8,33,1,401840,0.389000,0.212000
8,33,1,401870,0.130000,0.079000
8,33,1,401910,0.140000,-0.888000
8,33,1,401950,0.031000,0.096000
8,33,1,401990,-0.038000,-0.140000
8,33,1,402030,-0.214000,-0.579000
8,33,1,402070,-0.286000,0.636000
8,33,1,402110,-0.031000,0.098000
8,33,1,402150,-0.002000,-0.409000
8,33,1,402190,0.327000,0.134000
8,33,1,402230,0.459000,0.074000
8,33,1,402260,0.463000,-0.105000
8,33,1,402300,0.429000,-0.018000
8,33,1,402340,0.137000,0.427000
8,33,1,402380,0.166000,-0.455000
8,33,1,402420,0.238000,-0.725000
8,33,1,402460,0.341000,0.011000
8,33,1,402500,0.404000,0.039000
8,33,1,402540,-0.128000,0.142000
8,33,1,402580,-0.176000,-0.257000
8,33,1,402620,-0.065000,-0.105000
8,33,1,402660,0.004000,0.332000
8,33,1,402700,-0.124000,-0.248000
8,33,1,402730,-0.466000,0.277000
8,33,1,402770,-0.328000,-0.444000
8,33,1,402810,-0.170000,-0.245000
8,33,1,402850,0.053000,0.394000
8,33,1,402890,-0.368000,0.227000
8,33,1,402930,-0.447000,-0.210000
8,33,1,402970,-0.132000,-0.515000
8,33,1,403010,0.405000,-0.122000
8,33,1,403050,0.116000,0.195000
8,33,1,403080,-0.117000,-0.119000
8,33,1,403120,-0.338000,0.170000
8,33,1,403160,0.354000,-0.112000
8,33,1,403200,0.580000,-0.371000
8,33,1,403240,0.627000,0.057000
8,33,1,403280,0.028000,0.152000
8,33,1,403320,-0.065000,-0.110000
8,33,1,403360,-0.115000,-0.396000
8,33,1,403400,0.419000,0.033000
8,33,1,403440,0.307000,-0.028000
8,33,1,403480,0.331000,-0.034000
8,33,1,403520,0.251000,-0.104000
8,33,1,403550,0.154000,0.373000
8,33,1,403590,-0.175000,-0.207000
8,33,1,403630,-0.558000,-0.041000
8,33,1,403670,-0.274000,-0.007000
8,33,1,403710,0.336000,-0.286000
8,33,1,403750,0.720000,-0.037000
8,33,1,403790,0.163000,-0.126000
8,33,1,403830,-0.353000,-0.149000
8,33,1,403870,-0.746000,0.235000
8,33,1,403910,-0.394000,0.393000
8,33,1,403940,-0.049000,-0.070000
8,33,1,403980,0.093000,0.035000
8,33,1,404020,0.115000,-0.052000
8,33,1,404060,0.460000,-0.312000
8,33,1,404100,0.204000,0.263000
8,33,1,404140,0.121000,-0.081000
8,33,1,404180,0.069000,-0.353000
8,33,1,404220,0.466000,0.163000
8,33,1,404260,0.571000,0.085000
8,33,1,404300,0.495000,0.140000
8,33,1,404340,0.410000,-0.052000
8,33,1,404370,0.298000,0.331000
8,33,1,404410,0.358000,-0.246000
8,33,1,404450,0.093000,-0.112000
8,33,1,404490,0.101000,-0.020000
8,33,1,404530,0.132000,-0.320000
8,33,1,404570,0.399000,-0.123000
8,33,1,404610,0.175000,-0.099000
8,33,1,404650,-0.050000,-0.010000
8,33,1,404690,-0.325000,-0.015000
8,33,1,404730,-0.237000,0.301000
8,33,1,404760,-0.134000,0.035000
8,33,1,404800,0.240000,-0.391000
8,33,1,404840,0.223000,-0.013000
8,33,1,404880,0.256000,0.228000
8,33,1,404920,0.049000,0.329000
8,33,1,404960,0.143000,-0.171000
8,33,1,405000,0.476000,-0.815000
8,33,1,405040,0.358000,0.489000
8,33,1,405080,0.058000,0.300000
8,33,1,405120,-0.308000,0.089000
8,33,1,405160,0.099000,0.632000
8,33,1,405200,0.229000,0.075000
8,33,1,405230,0.397000,-0.465000
8,33,1,405270,0.009000,0.092000
8,33,1,405310,-0.168000,0.428000
8,33,1,405350,0.308000,-0.729000
8,33,1,405390,0.024000,0.401000
8,33,1,405430,0.150000,0.182000
8,33,1,405470,-0.130000,-0.458000
8,33,1,405510,-0.266000,0.791000
8,33,1,405550,-0.379000,0.226000
8,33,1,405580,-0.313000,-0.452000
8,33,1,405620,0.054000,-0.056000
8,33,1,405660,0.325000,0.251000
8,33,1,405700,-0.166000,-0.196000
8,33,1,405740,-0.696000,-0.023000
8,33,1,405780,-0.867000,0.305000
8,33,1,405820,-0.403000,-0.002000
8,33,1,405860,0.150000,-0.312000
8,33,1,405900,0.173000,0.062000
8,33,1,405940,-0.109000,-0.061000
8,33,1,405980,-0.430000,0.156000
8,33,1,406020,0.101000,0.051000
8,33,1,406050,0.592000,-0.205000
8,33,1,406090,0.502000,0.077000
8,33,1,406130,0.107000,0.232000
8,33,1,406170,-0.312000,0.662000
8,33,1,406210,-0.251000,0.185000
8,33,1,406250,-0.419000,-0.103000
8,33,1,406290,-0.039000,0.023000
8,33,1,406330,0.064000,-0.118000
8,33,1,406370,-0.096000,-0.120000
8,33,1,406410,-0.092000,-0.274000
8,33,1,406440,-0.221000,0.285000
8,33,1,406480,0.019000,-0.161000
8,33,1,406520,0.222000,0.011000
8,33,1,406560,0.224000,0.590000
8,33,1,406600,0.207000,-0.027000
8,33,1,406640,0.224000,-0.038000
8,33,1,406680,-0.151000,0.390000
8,33,1,406720,-0.241000,-0.359000
8,33,1,406760,-0.294000,0.031000
8,33,1,406800,0.304000,0.454000
8,33,1,406840,0.213000,-0.299000
8,33,1,406870,0.396000,-0.081000
8,33,1,406910,0.334000,0.314000
8,33,1,406950,0.246000,0.205000
8,33,1,406990,0.140000,-0.030000
8,33,1,407030,0.286000,0.763000
8,33,1,407070,0.513000,-0.401000
8,33,1,407110,0.296000,-0.814000
8,33,1,407150,0.481000,0.153000
8,33,1,407190,0.173000,0.322000
8,33,1,407230,0.257000,-0.211000
8,33,1,407260,0.043000,0.311000
8,33,1,407300,0.132000,0.614000
8,33,1,407340,-0.427000,-0.069000
8,33,1,407380,-0.130000,-0.208000
8,33,1,407420,-0.125000,-0.427000
8,33,1,407460,-0.080000,-0.229000
8,33,1,407500,-0.316000,-0.227000
8,33,1,407540,-0.330000,0.083000
8,33,1,407580,0.012000,0.103000
8,33,1,407620,0.607000,-0.012000
8,33,1,407660,0.698000,0.006000
8,33,1,407700,0.129000,0.336000
8,33,1,407730,-0.020000,0.157000
8,33,1,407770,0.051000,0.166000
8,33,1,407810,0.675000,-0.276000
8,33,1,407850,0.357000,-0.215000
8,33,1,407890,-0.183000,-0.184000
8,33,1,407930,-0.512000,-0.179000
8,33,1,407970,0.115000,-0.475000
8,33,1,408010,0.325000,-0.267000
8,33,1,408050,0.545000,0.686000
8,33,1,408080,0.088000,0.211000
8,33,1,408120,-0.056000,-0.197000
8,33,1,408160,0.340000,-0.151000
8,33,1,408200,0.364000,-0.291000
8,33,1,408240,-0.219000,-0.250000
8,33,1,408280,-0.712000,0.469000
8,33,1,408320,-0.638000,-0.011000
8,33,1,408360,-0.280000,-0.192000
8,33,1,408400,0.034000,-0.302000
8,33,1,408440,-0.099000,-0.169000
8,33,1,408480,-0.196000,0.361000
8,33,1,408520,-0.305000,-0.051000
8,33,1,408550,-0.228000,-0.217000
8,33,1,408590,-0.069000,-0.090000
8,33,1,408630,-0.197000,0.290000
8,33,1,408670,-0.459000,0.420000
8,33,1,408710,-0.251000,-0.336000
8,33,1,408750,0.361000,-0.515000
8,33,1,408790,0.664000,0.052000
8,33,1,408830,0.343000,0.107000
8,33,1,408870,-0.122000,0.187000
8,33,1,408910,-0.022000,-0.107000
8,33,1,408940,0.478000,-0.648000
8,33,1,408980,0.496000,-0.076000
8,33,1,409020,0.328000,0.465000
8,33,1,409060,0.003000,-0.055000
8,33,1,409100,-0.178000,0.261000
8,33,1,409140,0.264000,-0.228000
8,33,1,409180,0.095000,-0.126000
8,33,1,409220,-0.212000,0.543000
8,33,1,409260,-0.627000,0.192000
8,33,1,409300,-0.769000,0.189000
8,33,1,409340,-0.206000,-0.430000
8,33,1,409370,0.142000,-0.552000
8,33,1,409410,0.091000,0.035000
8,33,1,409450,-0.223000,-0.015000
8,33,1,409490,-0.666000,0.075000
8,33,1,409530,-0.100000,-0.204000
8,33,1,409570,-0.116000,0.438000
8,33,1,409610,0.166000,0.140000
8,33,1,409650,-0.057000,-0.241000
8,33,1,409690,0.391000,0.307000
8,33,1,409730,0.716000,-0.528000
8,33,1,409760,1.018000,-0.167000
8,33,1,409800,1.170000,-0.428000
8,33,1,409840,0.662000,-0.027000
8,33,1,409880,0.402000,0.384000
8,33,1,409920,0.323000,0.116000
8,33,1,409960,0.474000,0.202000
8,33,1,410000,0.315000,-0.021000
8,33,1,410040,0.279000,-0.417000
8,33,1,410080,0.041000,-0.009000
8,33,1,410120,0.134000,0.115000
8,33,1,410160,0.021000,0.112000
8,33,1,410200,-0.398000,0.395000
8,33,1,410230,-0.542000,-0.200000
8,33,1,410270,-0.619000,0.010000
8,33,1,410310,-0.780000,0.705000
8,33,1,410350,-0.875000,0.255000
8,33,1,410390,-1.361000,-0.039000
8,33,1,410430,-0.917000,0.018000
8,33,1,410470,-0.538000,-0.152000
8,33,1,410510,-0.161000,0.154000
8,33,1,410550,0.215000,-0.086000
8,33,1,410580,0.186000,-0.081000
8,33,1,410620,0.404000,-0.183000
8,33,1,410660,0.527000,-0.278000
8,33,1,410700,0.556000,0.071000
8,33,1,410740,0.518000,0.285000
8,33,1,410780,0.515000,0.531000
8,33,1,410820,0.299000,0.014000
8,33,1,410860,0.866000,-0.724000
8,33,1,410900,0.838000,0.667000
8,33,1,410940,0.305000,0.395000
8,33,1,410980,-0.035000,-0.608000
8,33,1,411020,0.621000,0.281000
8,33,1,411050,0.435000,0.161000
8,33,1,411090,-0.489000,-0.439000
8,33,1,411130,-0.714000,-0.302000
8,33,1,411170,-0.350000,0.698000
8,33,1,411210,-0.139000,0.093000
8,33,1,411250,-0.696000,-0.037000
8,33,1,411290,-0.797000,0.489000
8,33,1,411330,-0.972000,0.272000
8,33,1,411370,-0.710000,0.395000
8,33,1,411410,-0.763000,0.107000
8,33,1,411440,-0.709000,-0.055000
8,33,1,411480,-0.294000,0.179000
8,33,1,411520,-0.180000,-0.200000
8,33,1,411560,-0.384000,0.077000
8,33,1,411600,0.470000,0.107000
8,33,1,411640,1.122000,-0.240000
8,33,1,411680,1.005000,-0.312000
8,33,1,411720,0.598000,-0.089000
8,33,1,411760,0.315000,0.816000
8,33,1,411800,0.766000,-0.538000
8,33,1,411840,0.632000,-0.273000
8,33,1,411870,0.422000,0.465000
8,33,1,411910,-0.132000,-0.345000
8,33,1,411950,-0.307000,0.103000
8,33,1,411990,-0.346000,0.746000
8,33,1,412030,-0.483000,0.143000
8,33,1,412070,-0.798000,0.014000
8,33,1,412110,-0.564000,0.295000
8,33,1,412150,-0.725000,-0.024000
8,33,1,412190,-0.947000,-0.026000
8,33,1,412230,-0.714000,0.159000
8,33,1,412260,-0.628000,-0.137000
8,33,1,412300,-0.355000,-0.069000
8,33,1,412340,0.076000,0.204000
8,33,1,412380,-0.318000,0.558000
8,33,1,412420,-0.307000,0.168000
8,33,1,412460,-0.523000,0.295000
8,33,1,412500,-0.080000,0.132000
8,33,1,412540,0.219000,-0.286000
8,33,1,412580,0.561000,0.305000
8,33,1,412620,1.052000,-0.561000
8,33,1,412660,1.047000,-0.360000
8,33,1,412700,1.300000,0.133000
8,33,1,412730,1.231000,-0.355000
8,33,1,412770,0.900000,-0.247000
8,33,1,412810,0.545000,0.407000
8,33,1,412850,0.238000,0.255000
8,33,1,412890,-0.265000,-0.382000
8,33,1,412930,-0.139000,-0.315000
8,33,1,412970,-0.205000,0.508000
8,33,1,413010,-0.285000,0.059000
8,33,1,413050,-0.608000,0.258000
8,33,1,413080,-0.041000,0.240000
8,33,1,413120,0.037000,-0.630000
8,33,1,413160,-0.214000,-0.242000
8,33,1,413200,-0.533000,0.319000
8,33,1,413240,-0.753000,0.341000
8,33,1,413280,-0.681000,-0.167000
8,33,1,413320,-0.356000,-0.089000
8,33,1,413360,-0.413000,0.320000
8,33,1,413400,0.161000,-0.600000
8,33,1,413440,0.292000,-0.212000
8,33,1,413480,0.688000,0.339000
8,33,1,413520,0.626000,-0.281000
8,33,1,413550,0.484000,0.540000
8,33,1,413590,0.387000,0.237000
8,33,1,413630,0.369000,-0.328000
8,33,1,413670,0.666000,-0.237000
8,33,1,413710,0.331000,0.439000
8,33,1,413750,0.086000,0.149000
8,33,1,413790,-0.049000,-0.048000
8,33,1,413830,0.196000,0.026000
8,33,1,413870,0.203000,-0.406000
8,33,1,413910,0.124000,0.023000
8,33,1,413940,-0.267000,0.351000
8,33,1,413980,-0.373000,-0.446000
8,33,1,414020,-1.025000,0.147000
8,33,1,414060,-0.724000,0.349000
8,33,1,414100,-0.783000,-0.407000
8,33,1,414140,-0.554000,-0.064000
8,33,1,414180,-0.441000,0.206000
8,33,1,414220,-0.449000,0.376000
8,33,1,414260,-0.124000,-0.535000
8,33,1,414300,-0.289000,0.485000
8,33,1,414340,0.018000,0.059000
8,33,1,414370,-0.085000,-0.609000
8,33,1,414410,0.247000,-0.244000
8,33,1,414450,0.353000,-0.269000
8,33,1,414490,0.518000,0.123000
8,33,1,414530,0.269000,0.011000
8,33,1,414570,0.473000,-0.065000
8,33,1,414610,0.469000,-0.062000
8,33,1,414650,0.414000,-0.029000
8,33,1,414690,0.196000,0.138000
8,33,1,414730,0.076000,0.350000
8,33,1,414760,0.345000,-0.233000
8,33,1,414800,0.380000,-0.499000
8,33,1,414840,0.133000,-0.169000
8,33,1,414880,-0.351000,0.263000
8,33,1,414920,-0.816000,0.056000
8,33,1,414960,-0.560000,-0.506000
8,33,1,415000,-0.531000,-0.365000
8,33,1,415040,-0.512000,0.203000
8,33,1,415080,-0.594000,0.227000
8,33,1,415120,-0.202000,0.226000
8,33,1,415160,0.644000,-0.171000
8,33,1,415200,0.923000,0.051000
8,33,1,415230,0.649000,0.056000
8,33,1,415270,-0.064000,0.008000
8,33,1,415310,-0.031000,0.000000
8,33,1,415350,-0.045000,-0.230000
8,33,1,415390,-0.014000,-0.271000
8,33,1,415430,-0.202000,-0.063000
8,33,1,415470,-0.285000,0.315000
8,33,1,415510,-0.367000,-0.108000
8,33,1,415550,-0.235000,0.100000
8,33,1,415580,0.131000,0.398000
8,33,1,415620,-0.036000,0.277000
8,33,1,415660,-0.154000,0.150000
8,33,1,415700,-0.267000,-0.392000
8,33,1,415740,-0.207000,-0.141000
8,33,1,415780,-0.024000,0.208000
8,33,1,415820,-0.124000,0.188000
8,33,1,415860,0.024000,-0.055000
8,33,1,415900,-0.047000,-0.055000
8,33,1,415940,-0.090000,0.088000
8,33,1,415980,-0.078000,-0.040000
8,33,1,416020,-0.165000,0.106000
8,33,1,416050,-0.177000,-0.022000
8,33,1,416090,-0.093000,-0.180000
8,33,1,416130,-0.036000,0.085000
8,33,1,416170,-0.013000,0.234000
8,33,1,416210,-0.001000,-0.022000
8,33,1,416250,-0.079000,-0.312000
8,33,1,416290,-0.399000,0.462000
8,33,1,416330,-0.150000,0.214000
8,33,1,416370,-0.407000,-0.161000
8,33,1,416410,-0.280000,-0.183000
8,33,1,416440,-0.207000,-0.323000
8,33,1,416480,-0.109000,0.295000
8,33,1,416520,0.433000,-0.260000
8,33,1,416560,0.174000,0.561000
8,33,1,416600,0.379000,0.231000
8,33,1,416640,0.288000,-0.394000
8,33,1,416680,0.065000,0.705000
8,33,1,416720,0.098000,-0.215000
8,33,1,416760,-0.293000,-0.224000
8,33,1,416800,-0.206000,0.087000
8,33,1,416840,-0.274000,0.009000
8,33,1,416870,-0.071000,0.234000
8,33,1,416910,0.375000,-0.364000
8,33,1,416950,0.494000,-0.025000
8,33,1,416990,0.440000,-0.377000
8,33,1,417030,-0.179000,0.014000
8,33,1,417070,-0.399000,0.600000
8,33,1,417110,-0.829000,-0.043000
8,33,1,417150,-0.630000,0.099000
8,33,1,417190,-0.215000,0.188000
8,33,1,417230,0.118000,-0.005000
8,33,1,417260,0.176000,0.206000
8,33,1,417300,0.443000,-0.007000
8,33,1,417340,0.314000,-0.162000
8,33,1,417380,0.161000,0.306000
8,33,1,417420,0.015000,0.050000
8,33,1,417460,-0.117000,-0.372000
8,33,1,417500,0.047000,-0.162000
8,33,1,417540,-0.160000,0.310000
8,33,1,417580,-0.599000,0.497000
8,33,1,417620,-0.204000,0.141000
8,33,1,417660,0.035000,0.032000
8,33,1,417700,0.436000,-0.001000
8,33,1,417730,0.098000,-0.206000
8,33,1,417770,-0.198000,0.036000
8,33,1,417810,-0.332000,0.012000
8,33,1,417850,-0.336000,0.090000
8,33,1,417890,0.080000,-0.488000
8,33,1,417930,-0.436000,0.235000
8,33,1,417970,-0.100000,0.128000
8,33,1,418010,-0.245000,-0.155000
8,33,1,418050,-0.000000,0.338000
8,33,1,418080,-0.123000,-0.187000
8,33,1,418120,-0.248000,0.214000
8,33,1,418160,-0.096000,0.184000
8,33,1,418200,0.046000,-0.119000
8,33,1,418240,0.225000,-0.123000
8,33,1,418280,0.511000,-0.408000
8,33,1,418320,0.283000,-0.081000
8,33,1,418360,0.178000,0.226000
8,33,1,418400,0.285000,-0.074000
8,33,1,418440,0.010000,0.247000
8,33,1,418480,0.122000,-0.242000
8,33,1,418520,0.146000,0.031000
8,33,1,418550,0.010000,0.148000
8,33,1,418590,-0.106000,-0.031000
8,33,1,418630,-0.464000,0.164000
8,33,1,418670,-0.337000,-0.229000
8,33,1,418710,-0.419000,0.274000
8,33,1,418750,-0.093000,0.207000
8,33,1,418790,0.315000,-0.204000
8,33,1,418830,0.870000,-0.031000
8,33,1,418870,0.395000,-0.168000
8,33,1,418910,-0.255000,-0.141000
8,33,1,418940,-1.004000,0.664000
8,33,1,418980,-0.657000,0.619000
8,33,1,419020,0.042000,-0.508000
8,33,1,419060,0.720000,-0.165000
8,33,1,419100,0.500000,-0.206000
8,33,1,419140,-0.502000,-0.156000
8,33,1,419180,-1.131000,0.387000
8,33,1,419220,-0.631000,0.314000
8,33,1,419260,0.453000,-0.575000
8,33,1,419300,0.424000,0.402000
8,33,1,419340,0.288000,0.085000
8,33,1,419370,-0.378000,-0.109000
8,33,1,419410,0.341000,-0.013000
8,33,1,419450,0.064000,0.179000
8,33,1,419490,-0.363000,0.219000
8,33,1,419530,-1.020000,0.026000
8,33,1,419570,-0.463000,0.064000
8,33,1,419610,-0.121000,-0.235000
8,33,1,419650,0.392000,-0.105000
8,33,1,419690,0.035000,0.238000
8,33,1,419730,0.208000,-0.020000
8,33,1,419760,0.270000,-0.292000
8,33,1,419800,0.493000,0.291000
8,33,1,419840,0.137000,-0.281000
8,33,1,419880,-0.281000,-0.279000
8,33,1,419920,-0.191000,-0.156000
8,33,1,419960,0.245000,-0.237000
8,33,1,420000,0.658000,-0.512000
8,33,1,420040,0.240000,0.210000
8,33,1,420080,0.174000,0.452000
8,33,1,420120,-0.352000,-0.120000
8,33,1,420160,0.236000,-0.566000
8,33,1,420200,0.344000,0.013000
8,33,1,420230,0.092000,0.629000
8,33,1,420270,-0.551000,-0.138000
8,33,1,420310,-0.507000,-0.389000
8,33,1,420350,-0.208000,-0.141000
8,33,1,420390,-0.034000,0.053000
8,33,1,420430,-0.368000,-0.019000
8,33,1,420470,-0.185000,-0.100000
8,33,1,420510,0.037000,-0.370000
8,33,1,420550,-0.026000,-0.155000
8,33,1,420580,-0.288000,0.295000
8,33,1,420620,-0.754000,0.986000
8,33,1,420660,-0.065000,0.032000
8,33,1,420700,0.602000,-0.326000
8,33,1,420740,0.854000,-0.168000
8,33,1,420780,0.009000,-0.303000
8,33,1,420820,-0.640000,0.323000
8,33,1,420860,-0.564000,0.141000
8,33,1,420900,0.156000,-0.570000
8,33,1,420940,0.118000,-0.048000
8,33,1,420980,0.166000,-0.054000
8,33,1,421020,-0.117000,-0.093000
8,33,1,421050,0.269000,-0.053000
8,33,1,421090,0.445000,-0.161000
8,33,1,421130,0.429000,0.443000
8,33,1,421170,-0.197000,0.240000
8,33,1,421210,-0.303000,0.007000
8,33,1,421250,-0.142000,-0.388000
8,33,1,421290,0.388000,-0.367000
8,33,1,421330,0.431000,0.079000
8,33,1,421370,0.018000,0.167000
8,33,1,421410,-0.254000,-0.414000
8,33,1,421440,-0.429000,0.341000
8,33,1,421480,-0.107000,-0.020000
8,33,1,421520,-0.051000,0.003000
8,33,1,421560,0.275000,0.228000
8,33,1,421600,0.286000,-0.098000
8,33,1,421640,-0.003000,0.099000
8,33,1,421680,-0.474000,0.126000
8,33,1,421720,-0.526000,-0.052000
8,33,1,421760,-0.786000,0.109000
8,33,1,421800,-0.184000,-0.346000
8,33,1,421840,0.123000,-0.198000
8,33,1,421870,0.505000,0.096000
8,33,1,421910,0.698000,-0.258000
8,33,1,421950,0.416000,0.394000
8,33,1,421990,-0.125000,0.167000
8,33,1,422030,-0.427000,-0.093000
8,33,1,422070,-0.615000,0.376000
8,33,1,422110,-0.187000,-0.174000
8,33,1,422150,-0.234000,-0.046000
8,33,1,422190,-0.169000,0.567000
8,33,1,422230,0.220000,-0.493000
8,33,1,422260,0.165000,-0.091000
8,33,1,422300,0.291000,0.218000
8,33,1,422340,-0.093000,-0.083000
8,33,1,422380,-0.091000,0.185000
8,33,1,422420,0.108000,0.162000
8,33,1,422460,0.316000,0.368000
8,33,1,422500,0.616000,-0.171000
8,33,1,422540,0.405000,0.059000
8,33,1,422580,0.227000,-0.175000
8,33,1,422620,-0.335000,-0.519000
8,33,1,422660,-0.340000,-0.023000
8,33,1,422700,-0.542000,0.519000
8,33,1,422730,-0.313000,0.326000
8,33,1,422770,0.312000,-0.404000
8,33,1,422810,0.456000,-0.117000
8,33,1,422850,0.263000,-0.011000
8,33,1,422890,-0.199000,0.534000
8,33,1,422930,-0.244000,0.051000
8,33,1,422970,0.066000,-0.471000
8,33,1,423010,0.126000,0.502000
8,33,1,423050,0.090000,0.095000
8,33,1,423080,0.058000,-0.590000
8,33,1,423120,0.506000,-0.321000
8,33,1,423160,0.781000,0.059000
8,33,1,423200,0.178000,0.028000
8,33,1,423240,-0.290000,0.333000
8,33,1,423280,-0.460000,0.995000
8,33,1,423320,0.122000,-0.318000
8,33,1,423360,0.599000,-0.496000
8,33,1,423400,0.416000,0.442000
8,33,1,423440,-0.124000,-0.331000
8,33,1,423480,-0.439000,-0.023000
8,33,1,423520,-0.032000,0.013000
8,33,1,423550,0.195000,-0.319000
8,33,1,423590,-0.216000,0.640000
8,33,1,423630,-0.166000,0.450000
8,33,1,423670,-0.080000,0.087000
8,33,1,423710,0.304000,-0.250000
8,33,1,423750,0.133000,-0.035000
8,33,1,423790,-0.512000,0.441000
8,33,1,423830,-0.977000,-0.159000
8,33,1,423870,-0.454000,-0.262000
8,33,1,423910,0.056000,0.448000
8,33,1,423940,0.372000,0.081000
8,33,1,423980,0.128000,-0.401000
8,33,1,424020,0.350000,0.239000
8,33,1,424060,0.160000,0.041000
8,33,1,424100,-0.151000,0.262000
8,33,1,424140,-0.573000,0.299000
8,33,1,424180,-0.647000,0.063000
8,33,1,424220,0.284000,-0.465000
8,33,1,424260,0.711000,0.331000
8,33,1,424300,0.979000,0.070000
8,33,1,424340,0.155000,-0.196000
8,33,1,424370,-0.296000,0.647000
8,33,1,424410,-0.663000,0.378000
8,33,1,424450,-0.536000,-0.001000
8,33,1,424490,-0.668000,0.156000
8,33,1,424530,-0.375000,0.384000
8,33,1,424570,-0.181000,-0.249000
8,33,1,424610,-0.028000,0.061000
8,33,1,424650,0.115000,-0.271000
8,33,1,424690,-0.042000,-0.159000
8,33,1,424730,-0.123000,-0.035000
8,33,1,424760,-0.095000,-0.060000
8,33,1,424800,-0.098000,0.193000
8,33,1,424840,-0.051000,-0.258000
8,33,1,424880,-0.038000,0.375000
8,33,1,424920,-0.445000,0.714000
8,33,1,424960,-0.265000,-0.436000
8,33,1,425000,-0.095000,0.079000
8,33,1,425040,0.666000,-0.218000
8,33,1,425080,0.686000,-0.707000
8,33,1,425120,0.621000,-0.077000
8,33,1,425160,0.070000,0.056000
8,33,1,425200,-0.218000,-0.053000
8,33,1,425230,-0.379000,0.031000
8,33,1,425270,0.238000,0.234000
8,33,1,425310,0.555000,-0.299000
8,33,1,425350,1.051000,-0.493000
8,33,1,425390,0.391000,0.209000
8,33,1,425430,-0.202000,0.177000
8,33,1,425470,-0.672000,0.115000
8,33,1,425510,-0.236000,0.510000
8,33,1,425550,0.586000,-0.679000
8,33,1,425580,0.425000,-0.088000
8,33,1,425620,0.108000,0.157000
8,33,1,425660,-0.388000,0.148000
8,33,1,425700,-0.614000,0.508000
8,33,1,425740,-0.312000,0.098000
8,33,1,425780,0.265000,-0.444000
8,33,1,425820,0.142000,-0.138000
8,33,1,425860,0.357000,-0.077000
8,33,1,425900,-0.066000,0.205000
8,33,1,425940,-0.290000,0.300000
8,33,1,425980,-0.479000,-0.340000
8,33,1,426020,-0.300000,0.128000
8,33,1,426050,0.239000,-0.130000
8,33,1,426090,0.335000,0.364000
8,33,1,426130,0.331000,0.117000
8,33,1,426170,0.090000,-0.132000
8,33,1,426210,0.233000,0.129000
8,33,1,426250,0.646000,-0.908000
8,33,1,426290,0.529000,-0.110000
8,33,1,426330,0.046000,0.410000
8,33,1,426370,-0.382000,0.286000
8,33,1,426410,0.057000,0.043000
8,33,1,426440,0.787000,-0.355000
8,33,1,426480,1.478000,-0.161000
8,33,1,426520,0.887000,0.211000
8,33,1,426560,0.080000,0.339000
8,33,1,426600,-0.527000,-0.046000
8,33,1,426640,-0.693000,0.351000
8,33,1,426680,-0.409000,0.053000
8,33,1,426720,-0.423000,0.116000
8,33,1,426760,-0.261000,0.323000
8,33,1,426800,0.295000,-0.455000
8,33,1,426840,0.262000,-0.256000
8,33,1,426870,-0.437000,-0.054000
8,33,1,426910,-1.178000,0.019000
8,33,1,426950,-1.249000,0.410000
8,33,1,426990,-0.131000,-0.076000
8,33,1,427030,0.947000,-0.090000
8,33,1,427070,1.304000,-0.389000
8,33,1,427110,0.598000,0.064000
8,33,1,427150,-0.036000,0.310000
8,33,1,427190,-0.473000,-0.053000
8,33,1,427230,0.001000,0.152000
8,33,1,427260,0.392000,0.143000
8,33,1,427300,0.926000,0.016000
8,33,1,427340,1.126000,-0.434000
8,33,1,427380,1.083000,0.030000
8,33,1,427420,0.770000,0.013000
8,33,1,427460,-0.040000,0.076000
8,33,1,427500,-0.195000,-0.027000
8,33,1,427540,-0.029000,0.019000
8,33,1,427580,0.217000,0.370000
8,33,1,427620,0.114000,0.328000
8,33,1,427660,-0.157000,0.115000
8,33,1,427700,-0.456000,-0.166000
8,33,1,427730,-0.111000,-0.686000
8,33,1,427770,-0.270000,-0.089000
8,33,1,427810,-0.554000,0.652000
8,33,1,427850,-0.672000,0.008000
8,33,1,427890,-0.314000,0.001000
8,33,1,427930,0.411000,-0.005000
8,33,1,427970,0.637000,0.223000
8,33,1,428010,0.073000,0.257000
8,33,1,428050,-0.175000,-0.197000
8,33,1,428080,-0.025000,0.144000
8,33,1,428120,0.308000,0.391000
8,33,1,428160,0.209000,-0.092000
8,33,1,428200,0.234000,-0.094000
8,33,1,428240,0.195000,0.065000
8,33,1,428280,0.206000,0.345000
8,33,1,428320,0.223000,0.110000
8,33,1,428360,0.060000,0.201000
8,33,1,428400,0.430000,-0.409000
8,33,1,428440,0.597000,0.010000
8,33,1,428480,0.545000,0.212000
8,33,1,428520,-0.109000,-0.286000
8,33,1,428550,-0.273000,-0.022000
8,33,1,428590,-0.719000,0.411000
8,33,1,428630,-0.739000,0.181000
8,33,1,428670,-0.278000,-0.366000
8,33,1,428710,0.176000,0.508000
8,33,1,428750,0.282000,0.326000
8,33,1,428790,-0.095000,-0.213000
8,33,1,428830,-0.640000,0.207000
8,33,1,428870,-0.695000,-0.036000
8,33,1,428910,-0.340000,-0.175000
8,33,1,428940,-0.312000,0.555000
8,33,1,428980,-0.498000,0.335000
8,33,1,429020,-0.294000,-0.009000
8,33,1,429060,0.071000,0.083000
8,33,1,429100,0.456000,-0.013000
8,33,1,429140,0.517000,-0.291000
8,33,1,429180,0.354000,0.138000
8,33,1,429220,0.419000,0.058000
8,33,1,429260,0.144000,0.075000
8,33,1,429300,-0.048000,0.687000
8,33,1,429340,-0.287000,0.125000
8,33,1,429370,-0.060000,-0.200000
8,33,1,429410,0.418000,-0.109000
8,33,1,429450,0.501000,0.202000
8,33,1,429490,-0.019000,-0.161000
8,33,1,429530,-0.603000,0.376000
8,33,1,429570,-0.686000,0.601000
8,33,1,429610,-0.719000,0.026000
8,33,1,429650,-0.197000,0.054000
8,33,1,429690,-0.185000,0.085000
8,33,1,429730,-0.078000,-0.064000
8,33,1,429760,0.064000,-0.294000
8,33,1,429800,-0.293000,0.593000
8,33,1,429840,-0.059000,-0.103000
8,33,1,429880,-0.196000,-0.272000
8,33,1,429920,0.031000,0.284000
8,33,1,429960,-0.078000,-0.061000
8,33,1,430000,-0.233000,0.142000
8,33,1,430040,-0.341000,0.047000
8,33,1,430080,-0.085000,0.240000
8,33,1,430120,0.152000,-0.340000
8,33,1,430160,0.636000,-0.157000
8,33,1,430200,0.719000,-0.007000
8,33,1,430230,0.282000,-0.126000
8,33,1,430270,0.053000,-0.114000
8,33,1,430310,-0.602000,0.417000
8,33,1,430350,-0.613000,0.195000
8,33,1,430390,-0.483000,-0.237000
8,33,1,430430,0.218000,0.303000
8,33,1,430470,0.880000,-0.762000
8,33,1,430510,0.474000,-0.171000
8,33,1,430550,-0.114000,0.382000
8,33,1,430580,-0.775000,-0.100000
8,33,1,430620,-1.085000,0.428000
8,33,1,430660,-0.735000,-0.077000
8,33,1,430700,-0.096000,-0.153000
8,33,1,430740,0.064000,-0.081000
8,33,1,430780,0.106000,-0.099000
8,33,1,430820,-0.221000,0.279000
8,33,1,430860,-0.293000,0.259000
8,33,1,430900,-0.251000,-0.113000
8,33,1,430940,0.130000,-0.619000
8,33,1,430980,0.192000,-0.314000
8,33,1,431020,-0.188000,0.393000
8,33,1,431050,-0.397000,0.460000
8,33,1,431090,0.182000,0.110000
8,33,1,431130,0.740000,-0.197000
8,33,1,431170,1.007000,-0.068000
8,33,1,431210,0.351000,-0.293000
8,33,1,431250,-0.290000,0.290000
8,33,1,431290,0.105000,-0.225000
8,33,1,431330,0.449000,-0.133000
8,33,1,431370,1.017000,-0.300000
8,33,1,431410,0.347000,-0.082000
8,33,1,431440,-0.204000,0.537000
8,33,1,431480,-0.725000,-0.276000
8,33,1,431520,-0.670000,0.051000
8,33,1,431560,-0.544000,-0.038000
8,33,1,431600,-0.311000,0.328000
8,33,1,431640,0.318000,-0.156000
8,33,1,431680,0.400000,-0.068000
8,33,1,431720,0.271000,0.106000
8,33,1,431760,-0.295000,-0.670000
8,33,1,431800,-0.994000,0.475000
8,33,1,431840,-0.725000,-0.005000
8,33,1,431870,-0.198000,-0.483000
8,33,1,431910,0.552000,0.021000
8,33,1,431950,0.564000,0.186000
8,33,1,431990,0.072000,0.295000
8,33,1,432030,-0.149000,-0.157000
8,33,1,432070,0.069000,0.044000
8,33,1,432110,0.579000,-0.532000
8,33,1,432150,0.124000,0.293000
8,33,1,432190,-0.209000,0.635000
8,33,1,432230,-0.348000,-0.287000
8,33,1,432260,0.133000,0.176000
8,33,1,432300,0.409000,-0.177000
8,33,1,432340,0.099000,-0.412000
8,33,1,432380,-0.325000,-0.069000
8,33,1,432420,-0.425000,0.125000
8,33,1,432460,-0.082000,-0.014000
8,33,1,432500,0.297000,0.137000
8,33,1,432540,0.256000,-0.031000
8,33,1,432580,0.005000,-0.364000
8,33,1,432620,-0.346000,0.333000
8,33,1,432660,-0.666000,0.549000
8,33,1,432700,-0.614000,0.148000
8,33,1,432730,-0.097000,-0.121000
8,33,1,432770,0.473000,-0.501000
8,33,1,432810,0.628000,-0.265000
8,33,1,432850,0.066000,0.364000
8,33,1,432890,-0.757000,0.473000
8,33,1,432930,-0.598000,-0.005000
8,33,1,432970,-0.206000,0.120000
8,33,1,433010,0.484000,-0.113000
8,33,1,433050,0.736000,-0.572000
8,33,1,433080,0.398000,0.319000
8,33,1,433120,0.319000,-0.327000
8,33,1,433160,-0.300000,-0.083000
8,33,1,433200,-0.725000,0.579000
8,33,1,433240,-0.625000,0.127000
8,33,1,433280,-0.506000,0.429000
8,33,1,433320,-0.075000,0.105000
8,33,1,433360,0.365000,-0.485000
8,33,1,433400,-0.034000,0.108000
8,33,1,433440,0.053000,-0.200000
8,33,1,433480,-0.254000,-0.054000
8,33,1,433520,-0.150000,-0.050000
8,33,1,433550,-0.154000,-0.352000
8,33,1,433590,-0.184000,0.633000
8,33,1,433630,-0.103000,0.291000
8,33,1,433670,-0.286000,0.402000
8,33,1,433710,0.301000,-0.436000
8,33,1,433750,0.567000,-0.416000
8,33,1,433790,0.543000,0.318000
8,33,1,433830,0.123000,-0.211000
8,33,1,433870,-0.403000,0.297000
8,33,1,433910,-0.412000,0.101000
8,33,1,433940,0.156000,-0.402000
8,33,1,433980,0.305000,0.344000
8,33,1,434020,0.216000,0.253000
8,33,1,434060,-0.661000,0.240000
8,33,1,434100,-0.492000,-0.004000
8,33,1,434140,-0.040000,-0.311000
8,33,1,434180,0.079000,0.579000
8,33,1,434220,0.414000,-0.462000
8,33,1,434260,0.439000,-0.506000
8,33,1,434300,0.509000,0.098000
8,33,1,434340,0.515000,-0.207000
8,33,1,434370,0.134000,0.205000
8,33,1,434410,-0.030000,-0.021000
8,33,1,434450,-0.483000,0.300000
8,33,1,434490,-0.449000,0.203000
8,33,1,434530,-0.336000,-0.271000
8,33,1,434570,-0.293000,0.775000
8,33,1,434610,0.269000,-0.387000
8,33,1,434650,0.286000,-0.578000
8,33,1,434690,0.393000,0.288000
8,33,1,434730,-0.038000,0.309000
8,33,1,434760,-0.644000,0.239000
8,33,1,434800,-0.406000,-0.333000
8,33,1,434840,0.240000,-0.070000
8,33,1,434880,0.440000,0.219000
8,33,1,434920,0.584000,-0.271000
8,33,1,434960,0.192000,0.183000
8,33,1,435000,-0.124000,0.008000
8,33,1,435040,-0.250000,-0.421000
8,33,1,435080,-0.585000,0.585000
8,33,1,435120,-0.168000,0.109000
8,33,1,435160,-0.036000,-0.090000
8,33,1,435200,0.261000,0.495000
8,33,1,435230,0.260000,0.008000
8,33,1,435270,-0.394000,0.101000
8,33,1,435310,-0.359000,0.081000
8,33,1,435350,-0.542000,0.301000
8,33,1,435390,-0.209000,-0.117000
8,33,1,435430,-0.092000,-0.346000
8,33,1,435470,0.138000,0.569000
8,33,1,435510,0.384000,-0.540000
8,33,1,435550,0.394000,-0.311000
8,33,1,435580,0.412000,0.611000
8,33,1,435620,0.042000,0.014000
8,33,1,435660,-0.249000,-0.092000
8,33,1,435700,0.050000,0.114000
8,33,1,435740,-0.022000,0.464000
8,33,1,435780,0.125000,-0.579000
8,33,1,435820,-0.079000,0.075000
8,33,1,435860,-0.405000,1.081000
8,33,1,435900,-0.294000,-0.483000
8,33,1,435940,-0.295000,0.153000
8,33,1,435980,0.132000,0.481000
8,33,1,436020,0.009000,-0.366000
8,33,1,436050,-0.302000,-0.187000
8,33,1,436090,0.075000,-0.338000
8,33,1,436130,0.116000,0.222000
8,33,1,436170,0.004000,-0.002000
8,33,1,436210,-0.361000,-0.047000
8,33,1,436250,-0.755000,0.779000
8,33,1,436290,-0.314000,-0.279000
8,33,1,436330,0.188000,-0.259000
8,33,1,436370,0.448000,0.341000
8,33,1,436410,0.259000,-0.284000
8,33,1,436440,-0.320000,0.143000
8,33,1,436480,0.115000,-0.061000
8,33,1,436520,0.178000,-0.160000
8,33,1,436560,0.366000,-0.160000
8,33,1,436600,0.507000,-0.713000
8,33,1,436640,0.002000,0.298000
8,33,1,436680,0.260000,-0.168000
8,33,1,436720,-0.176000,0.026000
8,33,1,436760,-0.054000,-0.036000
8,33,1,436800,-0.243000,-0.288000
8,33,1,436840,-0.221000,0.398000
8,33,1,436870,-0.111000,-0.422000
8,33,1,436910,0.120000,-0.000000
8,33,1,436950,0.323000,-0.048000
8,33,1,436990,0.364000,-0.246000
8,33,1,437030,-0.103000,0.274000
8,33,1,437070,-0.009000,-0.061000
8,33,1,437110,0.031000,0.215000
8,33,1,437150,0.486000,0.016000
8,33,1,437190,0.656000,-0.665000
8,33,1,437230,0.217000,0.407000
8,33,1,437260,0.158000,-0.191000
8,33,1,437300,-0.131000,-0.044000
8,33,1,437340,0.325000,-0.018000
8,33,1,437380,0.352000,-0.516000
8,33,1,437420,0.156000,-0.347000
8,33,1,437460,-0.349000,0.232000
8,33,1,437500,-0.411000,0.617000
8,33,1,437540,-0.276000,-0.246000
8,33,1,437580,0.166000,-0.236000
8,33,1,437620,0.126000,0.199000
8,33,1,437660,0.210000,-0.217000
8,33,1,437700,0.303000,-0.215000
8,33,1,437730,0.554000,-0.244000
8,33,1,437770,0.476000,-0.848000
8,33,1,437810,-0.325000,0.280000
8,33,1,437850,-0.671000,0.654000
8,33,1,437890,-0.578000,0.020000
8,33,1,437930,0.540000,-0.302000
8,33,1,437970,0.684000,-0.129000
8,33,1,438010,0.391000,-0.242000
8,33,1,438050,-0.174000,-0.093000
8,33,1,438080,-0.167000,0.475000
8,33,1,438120,-0.161000,-0.182000
8,33,1,438160,0.085000,-0.196000
8,33,1,438200,0.030000,0.307000
8,33,1,438240,-0.049000,0.195000
8,33,1,438280,0.087000,-0.457000
8,33,1,438320,0.191000,0.097000
8,33,1,438360,0.287000,-0.117000
8,33,1,438400,-0.035000,-0.104000
8,33,1,438440,-0.013000,0.154000
8,33,1,438480,-0.043000,-0.082000
8,33,1,438520,0.079000,-0.073000
8,33,1,438550,0.005000,0.088000
8,33,1,438590,0.142000,0.131000
8,33,1,438630,0.318000,-0.213000
8,33,1,438670,0.189000,-0.061000
8,33,1,438710,-0.206000,0.296000
8,33,1,438750,-0.134000,-0.017000
8,33,1,438790,0.233000,-0.046000
8,33,1,438830,0.663000,-0.421000
8,33,1,438870,0.537000,-0.526000
8,33,1,438910,0.114000,0.181000
8,33,1,438940,-0.276000,0.422000
8,33,1,438980,0.158000,-0.139000
8,33,1,439020,0.511000,-0.282000
8,33,1,439060,0.571000,0.467000
8,33,1,439100,-0.025000,0.154000
8,33,1,439140,-0.664000,0.041000
8,33,1,439180,-0.213000,-0.187000
8,33,1,439220,0.085000,-0.435000
8,33,1,439260,0.315000,-0.203000
8,33,1,439300,-0.001000,0.156000
8,33,1,439340,-0.503000,0.214000
8,33,1,439370,-0.321000,-0.190000
8,33,1,439410,-0.206000,0.173000
8,33,1,439450,0.300000,0.098000
8,33,1,439490,0.533000,-0.255000
8,33,1,439530,0.405000,0.186000
8,33,1,439570,0.301000,-0.509000
8,33,1,439610,0.051000,-0.161000
8,33,1,439650,0.450000,0.375000
8,33,1,439690,0.475000,0.366000
8,33,1,439730,0.525000,0.109000
8,33,1,439760,0.660000,-0.274000
8,33,1,439800,0.755000,-0.152000
8,33,1,439840,0.535000,0.041000
8,33,1,439880,0.248000,0.361000
8,33,1,439920,0.092000,0.169000
8,33,1,439960,0.440000,-0.240000
8,33,1,440000,0.553000,-0.348000
8,33,1,440040,0.395000,-0.148000
8,33,1,440080,-0.147000,0.212000
8,33,1,440120,-0.446000,0.153000
8,33,1,440160,-0.619000,0.031000
8,33,1,440200,-0.250000,0.032000
8,33,1,440230,-0.299000,0.346000
8,33,1,440270,-0.145000,-0.246000
8,33,1,440310,-0.400000,-0.113000
8,33,1,440350,-0.466000,0.555000
8,33,1,440390,-0.535000,-0.210000
8,33,1,440430,-0.601000,0.060000
8,33,1,440470,-0.582000,0.131000
8,33,1,440510,-0.337000,-0.179000
8,33,1,440550,-0.093000,0.077000
8,33,1,440580,-0.160000,0.397000
8,33,1,440620,0.141000,-0.147000
8,33,1,440660,0.506000,-0.218000
8,33,1,440700,0.773000,-0.131000
8,33,1,440740,0.755000,-0.181000
8,33,1,440780,0.494000,0.223000
8,33,1,440820,0.013000,0.092000
8,33,1,440860,0.004000,0.334000
8,33,1,440900,0.353000,-0.161000
8,33,1,440940,0.383000,-0.176000
8,33,1,440980,0.390000,0.243000
8,33,1,441020,0.457000,-0.155000
8,33,1,441050,0.183000,-0.047000
8,33,1,441090,-0.169000,0.464000
8,33,1,441130,-0.640000,0.254000
8,33,1,441170,-0.851000,-0.061000
8,33,1,441210,-0.502000,0.036000
8,33,1,441250,-0.432000,0.030000
8,33,1,441290,-0.430000,-0.010000
8,33,1,441330,-0.562000,0.044000
8,33,1,441370,-0.265000,-0.024000
8,33,1,441410,-0.500000,0.674000
8,33,1,441440,-0.271000,0.037000
8,33,1,441480,-0.584000,0.106000
8,33,1,441520,-0.404000,0.675000
8,33,1,441560,-0.198000,-0.442000
8,33,1,441600,0.415000,-0.289000
8,33,1,441640,0.390000,-0.079000
8,33,1,441680,0.596000,-0.547000
8,33,1,441720,0.273000,0.212000
8,33,1,441760,0.265000,0.783000
8,33,1,441800,0.059000,-0.073000
8,33,1,441840,0.286000,0.096000
8,33,1,441870,0.635000,-0.207000
8,33,1,441910,0.490000,-0.068000
8,33,1,441950,0.230000,-0.034000
8,33,1,441990,-0.246000,0.158000
8,33,1,442030,-0.245000,0.195000
8,33,1,442070,-0.426000,-0.027000
8,33,1,442110,-0.445000,0.334000
8,33,1,442150,-0.611000,0.548000
8,33,1,442190,-0.619000,-0.089000
8,33,1,442230,-0.375000,-0.164000
8,33,1,442260,0.067000,0.203000
8,33,1,442300,0.103000,-0.017000
8,33,1,442340,0.166000,-0.360000
8,33,1,442380,-0.042000,0.209000
8,33,1,442420,-0.287000,0.162000
8,33,1,442460,-0.840000,-0.015000
8,33,1,442500,-0.474000,0.482000
8,33,1,442540,-0.271000,0.231000
8,33,1,442580,0.391000,-0.253000
8,33,1,442620,0.588000,-0.151000
8,33,1,442660,0.856000,0.029000
8,33,1,442700,0.870000,-0.504000
8,33,1,442730,0.696000,0.279000
8,33,1,442770,0.441000,0.089000
8,33,1,442810,0.179000,0.000000
8,33,1,442850,0.211000,-0.275000
8,33,1,442890,0.193000,0.054000
8,33,1,442930,1.038000,-0.482000
8,33,1,442970,0.707000,-0.786000
8,33,1,443010,0.396000,0.439000
8,33,1,443050,0.113000,0.110000
8,33,1,443080,-0.240000,0.338000
8,33,1,443120,-0.022000,0.424000
8,33,1,443160,-0.098000,0.013000
8,33,1,443200,-0.343000,-0.490000
8,33,1,443240,-0.609000,0.234000
8,33,1,443280,-0.439000,0.265000
8,33,1,443320,-0.269000,-0.841000
8,33,1,443360,-0.019000,-0.015000
8,33,1,443400,0.001000,0.368000
8,33,1,443440,0.018000,-0.425000
8,33,1,443480,0.020000,0.098000
8,33,1,443520,0.365000,0.390000
8,33,1,443550,0.204000,-0.329000
8,33,1,443590,-0.036000,0.400000
8,33,1,443630,0.473000,0.046000
8,33,1,443670,0.384000,-0.037000
8,33,1,443710,0.571000,-0.350000
8,33,1,443750,0.330000,-0.106000
8,33,1,443790,0.203000,0.305000
8,33,1,443830,-0.028000,-0.395000
8,33,1,443870,-0.030000,-0.001000
8,33,1,443910,-0.010000,-0.336000
8,33,1,443940,-0.382000,0.027000
8,33,1,443980,-0.176000,0.067000
8,33,1,444020,-0.233000,-0.306000
8,33,1,444060,-0.149000,0.288000
8,33,1,444100,-0.298000,0.145000
8,33,1,444140,-0.340000,0.065000
8,33,1,444180,-0.216000,-0.398000
8,33,1,444220,-0.446000,0.002000
8,33,1,444260,-0.634000,0.295000
8,33,1,444300,-0.493000,0.017000
8,33,1,444340,-0.058000,0.042000
8,33,1,444370,-0.154000,0.533000
8,33,1,444410,-0.304000,-0.121000
8,33,1,444450,-0.266000,-0.162000
8,33,1,444490,0.308000,-0.002000
8,33,1,444530,0.412000,-0.222000
8,33,1,444570,0.273000,-0.101000
8,33,1,444610,-0.339000,0.256000
8,33,1,444650,0.017000,-0.117000
8,33,1,444690,0.337000,-0.524000
8,33,1,444730,0.741000,0.110000
8,33,1,444760,0.507000,-0.048000
8,33,1,444800,-0.018000,0.333000
8,33,1,444840,-0.115000,0.198000
8,33,1,444880,-0.100000,0.279000
8,33,1,444920,0.040000,-0.101000
8,33,1,444960,-0.425000,0.130000
8,33,1,445000,-0.478000,0.199000
8,33,1,445040,-0.386000,-0.369000
8,33,1,445080,-0.116000,-0.224000
8,33,1,445120,-0.246000,0.106000
8,33,1,445160,-0.553000,-0.003000
8,33,1,445200,-0.309000,-0.108000
8,33,1,445230,-0.116000,0.418000
8,33,1,445270,-0.337000,0.116000
8,33,1,445310,-0.602000,-0.013000
8,33,1,445350,-0.297000,0.206000
8,33,1,445390,0.139000,-0.252000
8,33,1,445430,0.276000,-0.321000
8,33,1,445470,0.156000,0.090000
8,33,1,445510,0.299000,0.254000
8,33,1,445550,0.482000,0.435000
8,33,1,445580,0.664000,0.093000
8,33,1,445620,0.530000,-0.311000
8,33,1,445660,0.341000,0.222000
8,33,1,445700,0.199000,0.208000
8,33,1,445740,0.112000,0.101000
8,33,1,445780,0.240000,-0.137000
8,33,1,445820,0.323000,-0.182000
8,33,1,445860,0.322000,-0.170000
8,33,1,445900,0.204000,0.133000
8,33,1,445940,0.481000,-0.261000
8,33,1,445980,-0.142000,-0.086000
8,33,1,446020,-0.372000,0.470000
8,33,1,446050,-0.606000,0.121000
8,33,1,446090,-0.341000,0.041000
8,33,1,446130,-0.121000,0.249000
8,33,1,446170,0.204000,-0.061000
8,33,1,446210,0.228000,-0.394000
8,33,1,446250,0.244000,0.220000
8,33,1,446290,0.017000,-0.039000
8,33,1,446330,-0.314000,0.158000
8,33,1,446370,0.088000,-0.092000
8,33,1,446410,-0.069000,0.049000
8,33,1,446440,-0.097000,0.195000
8,33,1,446480,-0.219000,-0.369000
8,33,1,446520,0.366000,0.105000
8,33,1,446560,0.621000,0.087000
8,33,1,446600,0.146000,0.044000
8,33,1,446640,-0.067000,-0.015000
8,33,1,446680,-0.078000,0.343000
8,33,1,446720,0.176000,0.087000
8,33,1,446760,0.279000,-0.407000
8,33,1,446800,0.323000,-0.033000
8,33,1,446840,0.496000,-0.003000
8,33,1,446870,0.557000,-0.039000
8,33,1,446910,0.061000,0.249000
8,33,1,446950,-0.095000,0.196000
8,33,1,446990,0.012000,-0.135000
8,33,1,447030,-0.154000,-0.474000
8,33,1,447070,-0.843000,0.194000
8,33,1,447110,-1.190000,0.186000
8,33,1,447150,-1.127000,-0.123000
8,33,1,447190,-0.576000,0.317000
8,33,1,447230,0.091000,-0.152000
8,33,1,447260,0.047000,-0.112000
8,33,1,447300,0.288000,-0.074000
8,33,1,447340,-0.028000,0.446000
8,33,1,447380,-0.139000,0.261000
8,33,1,447420,-0.309000,0.016000
8,33,1,447460,-0.228000,0.757000
8,33,1,447500,-0.029000,-0.035000
8,33,1,447540,0.194000,-0.577000
8,33,1,447580,0.490000,-0.278000
8,33,1,447620,0.385000,0.134000
8,33,1,447660,0.215000,0.285000
8,33,1,447700,-0.212000,0.355000
8,33,1,447730,-0.231000,-0.124000
8,33,1,447770,-0.363000,-0.053000
8,33,1,447810,-0.189000,0.145000
8,33,1,447850,-0.593000,0.112000
8,33,1,447890,-0.697000,0.059000
8,33,1,447930,-0.589000,0.228000
8,33,1,447970,-0.410000,0.013000
8,33,1,448010,-0.300000,0.213000
8,33,1,448050,0.098000,0.375000
8,33,1,448080,-0.121000,-0.421000
8,33,1,448120,0.037000,-0.216000
8,33,1,448160,-0.064000,0.295000
8,33,1,448200,-0.211000,0.245000
8,33,1,448240,-0.129000,-0.081000
8,33,1,448280,-0.512000,0.700000
8,33,1,448320,0.007000,-0.097000
8,33,1,448360,0.197000,-0.405000
8,33,1,448400,0.567000,0.340000
8,33,1,448440,0.936000,-0.438000
8,33,1,448480,0.823000,-0.291000
8,33,1,448520,0.692000,0.021000
8,33,1,448550,0.237000,0.041000
8,33,1,448590,-0.119000,0.399000
8,33,1,448630,0.183000,-0.275000
8,33,1,448670,0.212000,0.044000
8,33,1,448710,0.511000,-0.064000
8,33,1,448750,0.002000,-0.208000
8,33,1,448790,-0.253000,0.297000
8,33,1,448830,-0.403000,0.130000
8,33,1,448870,-0.484000,0.618000
8,33,1,448910,-0.203000,-0.349000
8,33,1,448940,-0.311000,-0.686000
8,33,1,448980,0.048000,-0.114000
8,33,1,449020,0.144000,-0.150000
8,33,1,449060,-0.223000,-0.107000
8,33,1,449100,-0.011000,-0.053000
8,33,1,449140,-0.331000,0.766000
8,33,1,449180,-0.373000,0.218000
8,33,1,449220,-0.394000,-0.123000
8,33,1,449260,0.052000,0.394000
8,33,1,449300,0.774000,-0.876000
8,33,1,449340,0.656000,-0.393000
8,33,1,449370,0.699000,0.340000
8,33,1,449410,0.317000,-0.138000
8,33,1,449450,-0.088000,0.361000
8,33,1,449490,0.325000,-0.360000
8,33,1,449530,0.046000,0.206000
8,33,1,449570,0.155000,0.333000
8,33,1,449610,-0.000000,-0.166000
8,33,1,449650,0.005000,-0.075000
8,33,1,449690,0.298000,-0.343000
8,33,1,449730,0.320000,-0.079000
8,33,1,449760,-0.071000,-0.137000
8,33,1,449800,-0.604000,0.077000
8,33,1,449840,-0.785000,0.152000
8,33,1,449880,-0.651000,0.084000
8,33,1,449920,-0.682000,0.003000
8,33,1,449960,-0.544000,-0.384000
8,33,1,450000,-0.072000,-0.087000
8,33,1,450040,-0.311000,-0.041000
8,33,1,450080,-0.418000,-0.458000
8,33,1,450120,-0.211000,0.299000
8,33,1,450160,0.026000,0.053000
8,33,1,450200,0.260000,-0.518000
8,33,1,450230,0.212000,0.097000
8,33,1,450270,0.099000,0.003000
8,33,1,450310,-0.147000,-0.393000
8,33,1,450350,-0.108000,0.149000
8,33,1,450390,0.089000,0.582000
8,33,1,450430,0.166000,0.132000
8,33,1,450470,-0.091000,0.506000
8,33,1,450510,0.215000,0.087000
8,33,1,450550,0.164000,-0.655000
8,33,1,450580,0.058000,-0.191000
8,33,1,450620,-0.434000,-0.034000
8,33,1,450660,-0.908000,0.216000
8,33,1,450700,-0.575000,-0.185000
8,33,1,450740,-0.477000,0.082000
8,33,1,450780,0.086000,-0.343000
8,33,1,450820,0.296000,-0.227000
8,33,1,450860,0.352000,0.288000
8,33,1,450900,-0.003000,-0.382000
8,33,1,450940,-0.236000,0.066000
8,33,1,450980,-0.539000,0.516000
8,33,1,451020,-0.580000,0.079000
8,33,1,451050,-0.191000,-0.097000
8,33,1,451090,0.157000,-0.193000
8,33,1,451130,0.408000,-0.185000
8,33,1,451170,0.041000,0.236000
8,33,1,451210,0.098000,0.352000
8,33,1,451250,0.718000,-0.167000
8,33,1,451290,0.561000,0.143000
8,33,1,451330,0.362000,0.123000
8,33,1,451370,0.105000,-0.447000
8,33,1,451410,0.188000,-0.091000
8,33,1,451440,0.119000,0.022000
8,33,1,451480,-0.035000,0.047000
8,33,1,451520,0.043000,-0.461000
8,33,1,451560,0.172000,-0.466000
8,33,1,451600,0.153000,0.059000
8,33,1,451640,0.130000,0.165000
8,33,1,451680,0.138000,-0.038000
8,33,1,451720,0.076000,-0.074000
8,33,1,451760,-0.392000,0.625000
8,33,1,451800,-0.577000,0.201000
8,33,1,451840,-0.521000,-0.397000
8,33,1,451870,-0.082000,-0.211000
8,33,1,451910,0.132000,-0.083000
8,33,1,451950,0.084000,0.072000
8,33,1,451990,-0.115000,0.142000
8,33,1,452030,0.045000,0.110000
8,33,1,452070,0.245000,-0.129000
8,33,1,452110,0.085000,0.120000
8,33,1,452150,-0.150000,0.375000
8,33,1,452190,-0.147000,0.070000
8,33,1,452230,0.072000,-0.063000
8,33,1,452260,0.058000,0.088000
8,33,1,452300,-0.174000,0.311000
8,33,1,452340,-0.065000,0.352000
8,33,1,452380,0.129000,-0.227000
8,33,1,452420,0.208000,-0.491000
8,33,1,452460,0.043000,0.011000
8,33,1,452500,-0.504000,0.175000
8,33,1,452540,-0.508000,-0.213000
8,33,1,452580,-0.313000,0.220000
8,33,1,452620,-0.143000,0.482000
8,33,1,452660,-0.361000,0.328000
8,33,1,452700,-0.377000,-0.127000
8,33,1,452730,-0.185000,-0.343000
8,33,1,452770,0.078000,0.122000
8,33,1,452810,-0.610000,0.481000
8,33,1,452850,-0.645000,0.163000
8,33,1,452890,-0.500000,0.069000
8,33,1,452930,0.245000,0.647000
8,33,1,452970,1.024000,-0.796000
8,33,1,453010,0.854000,-0.042000
8,33,1,453050,0.644000,0.180000
8,33,1,453080,-0.192000,-0.253000
8,33,1,453120,-0.382000,0.390000
8,33,1,453160,-0.400000,0.448000
8,33,1,453200,0.186000,-0.123000
8,33,1,453240,0.435000,-0.209000
8,33,1,453280,0.681000,-0.367000
8,33,1,453320,-0.094000,-0.137000
8,33,1,453360,-0.525000,0.403000
8,33,1,453400,-0.774000,0.186000
8,33,1,453440,-0.355000,-0.022000
8,33,1,453480,0.122000,-0.512000
8,33,1,453520,-0.093000,0.607000
8,33,1,453550,-0.768000,0.769000
8,33,1,453590,-0.882000,-0.025000
8,33,1,453630,-0.369000,0.117000
8,33,1,453670,0.075000,0.038000
8,33,1,453710,0.150000,-0.233000
8,33,1,453750,0.101000,0.416000
8,33,1,453790,0.034000,-0.090000
8,33,1,453830,-0.001000,-0.178000
8,33,1,453870,0.087000,0.338000
8,33,1,453910,-0.031000,0.051000
8,33,1,453940,0.234000,-0.120000
8,33,1,453980,0.161000,-0.196000
8,33,1,454020,0.396000,-0.252000
8,33,1,454060,0.254000,0.194000
8,33,1,454100,-0.062000,0.786000
8,33,1,454140,0.134000,-0.096000
8,33,1,454180,0.087000,-0.256000
8,33,1,454220,0.230000,0.373000
8,33,1,454260,-0.467000,0.637000
8,33,1,454300,-1.087000,0.248000
8,33,1,454340,-0.854000,-0.314000
8,33,1,454370,0.032000,0.322000
8,33,1,454410,0.498000,-0.315000
8,33,1,454450,0.270000,-0.513000
8,33,1,454490,-0.156000,0.223000
8,33,1,454530,-0.328000,0.400000
8,33,1,454570,-0.157000,-0.209000
8,33,1,454610,-0.555000,0.205000
8,33,1,454650,-0.449000,0.035000
8,33,1,454690,-0.401000,-0.374000
8,33,1,454730,0.267000,-0.210000
8,33,1,454760,0.690000,-0.386000
8,33,1,454800,0.630000,0.072000
8,33,1,454840,0.195000,-0.224000
8,33,1,454880,0.194000,-0.201000
8,33,1,454920,0.435000,-0.058000
8,33,1,454960,0.356000,-0.230000
8,33,1,455000,0.159000,-0.310000
8,33,1,455040,-0.338000,0.366000
8,33,1,455080,-0.140000,0.222000
8,33,1,455120,0.368000,-0.580000
8,33,1,455160,0.655000,-0.074000
8,33,1,455200,0.441000,-0.134000
8,33,1,455230,-0.279000,-0.061000
8,33,1,455270,-0.683000,0.433000
8,33,1,455310,-0.286000,0.171000
8,33,1,455350,0.176000,-0.285000
8,33,1,455390,0.013000,0.321000
8,33,1,455430,0.081000,-0.253000
8,33,1,455470,-0.445000,-0.082000
8,33,1,455510,-0.224000,-0.107000
8,33,1,455550,-0.187000,-0.423000
8,33,1,455580,-0.062000,0.079000
8,33,1,455620,-0.169000,-0.233000
8,33,1,455660,0.022000,0.135000
8,33,1,455700,0.297000,0.037000
8,33,1,455740,0.199000,-0.124000
8,33,1,455780,0.132000,0.073000
8,33,1,455820,0.252000,-0.158000
8,33,1,455860,0.534000,-0.796000
8,33,1,455900,0.768000,-0.313000
8,33,1,455940,0.518000,0.350000
8,33,1,455980,-0.033000,0.354000
8,33,1,456020,-0.313000,-0.137000
8,33,1,456050,-0.532000,-0.068000
8,33,1,456090,-0.337000,0.324000
8,33,1,456130,-0.279000,0.070000
8,33,1,456170,-0.179000,-0.330000
8,33,1,456210,0.153000,-0.152000
8,33,1,456250,0.063000,0.008000
8,33,1,456290,-0.020000,-0.500000
8,33,1,456330,-0.119000,0.215000
8,33,1,456370,0.139000,0.385000
8,33,1,456410,0.139000,-0.530000
8,33,1,456440,-0.034000,-0.046000
8,33,1,456480,-0.011000,0.154000
8,33,1,456520,0.248000,-0.188000
8,33,1,456560,0.644000,-0.196000
8,33,1,456600,0.516000,-0.016000
8,33,1,456640,-0.061000,0.243000
8,33,1,456680,-0.359000,0.290000
8,33,1,456720,-0.315000,0.212000
8,33,1,456760,0.023000,0.132000
8,33,1,456800,0.037000,-0.033000
8,33,1,456840,0.174000,-0.309000
8,33,1,456870,0.097000,-0.070000
8,33,1,456910,0.022000,0.026000
8,33,1,456950,-0.027000,-0.028000
8,33,1,456990,0.055000,0.036000
8,33,1,457030,0.114000,-0.318000
8,33,1,457070,0.319000,-0.347000
8,33,1,457110,0.178000,-0.006000
8,33,1,457150,-0.115000,0.586000
8,33,1,457190,0.017000,-0.022000
8,33,1,457230,-0.299000,0.370000
8,33,1,457260,0.169000,0.129000
8,33,1,457300,-0.005000,-0.468000
8,33,1,457340,-0.082000,0.054000
8,33,1,457380,-0.179000,0.005000
8,33,1,457420,-0.003000,0.103000
8,33,1,457460,0.206000,-0.167000
8,33,1,457500,0.226000,-0.021000
8,33,1,457540,0.056000,0.088000
8,33,1,457580,-0.017000,0.142000
8,33,1,457620,0.433000,0.015000
8,33,1,457660,0.703000,-0.115000
8,33,1,457700,0.251000,0.189000
8,33,1,457730,-0.359000,0.189000
8,33,1,457770,-0.909000,0.260000
8,33,1,457810,0.012000,-0.290000
8,33,1,457850,0.859000,-0.071000
8,33,1,457890,0.879000,0.572000
8,33,1,457930,-0.185000,-0.022000
8,33,1,457970,-0.832000,-0.003000
8,33,1,458010,-0.617000,0.045000
8,33,1,458050,0.065000,0.339000
8,33,1,458080,0.323000,-0.045000
8,33,1,458120,0.191000,-0.030000
8,33,1,458160,0.357000,-0.001000
8,33,1,458200,0.417000,-0.064000
8,33,1,458240,0.377000,-0.072000
8,33,1,458280,-0.007000,-0.108000
8,33,1,458320,-0.209000,-0.032000
8,33,1,458360,-0.381000,0.246000
8,33,1,458400,-0.096000,0.387000
8,33,1,458440,0.130000,0.364000
8,33,1,458480,0.287000,0.426000
8,33,1,458520,0.381000,0.049000
8,33,1,458550,0.273000,-0.067000
8,33,1,458590,0.507000,-0.382000
8,33,1,458630,0.462000,0.029000
8,33,1,458670,0.005000,0.620000
8,33,1,458710,0.023000,-0.559000
8,33,1,458750,-0.138000,-0.230000
8,33,1,458790,-0.170000,0.483000
8,33,1,458830,-0.139000,0.047000
8,33,1,458870,0.025000,0.108000
8,33,1,458910,0.277000,0.242000
8,33,1,458940,0.592000,-0.231000
8,33,1,458980,0.299000,-0.138000
8,33,1,459020,-0.258000,0.908000
8,33,1,459060,-0.655000,0.190000
8,33,1,459100,-0.394000,-0.280000
8,33,1,459140,0.162000,0.174000
8,33,1,459180,0.212000,0.571000
8,33,1,459220,-0.007000,0.165000
8,33,1,459260,-0.120000,-0.045000
8,33,1,459300,0.280000,0.006000
8,33,1,459340,0.289000,-0.419000
8,33,1,459370,0.121000,-0.396000
8,33,1,459410,-0.309000,0.161000
8,33,1,459450,-0.121000,0.380000
8,33,1,459490,-0.096000,0.201000
8,33,1,459530,-0.155000,0.431000
8,33,1,459570,-0.746000,0.403000
8,33,1,459610,-1.021000,0.737000
8,33,1,459650,-0.787000,-0.105000
8,33,1,459690,-0.378000,0.246000
8,33,1,459730,0.411000,-0.028000
8,33,1,459760,0.048000,-0.037000
8,33,1,459800,0.020000,0.292000
8,33,1,459840,-0.399000,0.499000
8,33,1,459880,-0.307000,0.334000
8,33,1,459920,-0.327000,-0.353000
8,33,1,459960,-0.036000,0.305000
8,33,1,460000,-0.143000,0.221000
8,33,1,460040,0.510000,-0.519000
8,33,1,460080,0.642000,-0.485000
8,33,1,460120,0.963000,-0.018000
8,33,1,460160,0.409000,-0.251000
8,33,1,460200,-0.256000,0.402000
8,33,1,460230,-0.450000,0.023000
8,33,1,460270,-0.533000,0.011000
8,33,1,460310,-0.221000,0.121000
8,33,1,460350,-0.112000,0.284000
8,33,1,460390,0.377000,-0.409000
8,33,1,460430,0.841000,-0.510000
8,33,1,460470,0.598000,-0.083000
8,33,1,460510,-0.375000,-0.184000
8,33,1,460550,-0.612000,0.210000
8,33,1,460580,-0.459000,0.458000
8,33,1,460620,0.173000,0.166000
8,33,1,460660,-0.041000,-0.224000
8,33,1,460700,-0.315000,0.070000
8,33,1,460740,0.078000,-0.019000
8,33,1,460780,-0.011000,0.548000
8,33,1,460820,0.409000,-0.137000
8,33,1,460860,0.311000,-0.727000
8,33,1,460900,0.241000,-0.042000
8,33,1,460940,0.096000,-0.038000
8,33,1,460980,-0.102000,0.423000
8,33,1,461020,0.283000,-0.380000
8,33,1,461050,0.512000,-0.515000
8,33,1,461090,0.509000,-0.407000
8,33,1,461130,-0.031000,0.178000
8,33,1,461170,-0.207000,0.492000
8,33,1,461210,0.271000,-0.517000
8,33,1,461250,0.732000,0.034000
8,33,1,461290,0.859000,-0.158000
8,33,1,461330,-0.144000,0.230000
8,33,1,461370,-0.654000,0.435000
8,33,1,461410,-0.294000,-0.492000
8,33,1,461440,0.187000,0.127000
8,33,1,461480,0.515000,-0.439000
8,33,1,461520,0.113000,-0.319000
8,33,1,461560,0.049000,0.294000
8,33,1,461600,-0.081000,-0.015000
8,33,1,461640,-0.492000,0.002000
8,33,1,461680,-0.589000,-0.378000
8,33,1,461720,-0.505000,0.179000
8,33,1,461760,-0.128000,0.243000
8,33,1,461800,0.418000,-0.348000
8,33,1,461840,0.527000,0.197000
8,33,1,461870,0.119000,0.183000
8,33,1,461910,-0.307000,-0.070000
8,33,1,461950,-0.691000,0.589000
8,33,1,461990,-0.009000,-0.290000
8,33,1,462030,0.295000,-0.445000
8,33,1,462070,0.273000,0.728000
8,33,1,462110,0.129000,0.105000
8,33,1,462150,-0.065000,0.236000
8,33,1,462190,0.192000,0.033000
8,33,1,462230,0.142000,-0.277000
8,33,1,462260,-0.196000,-0.024000
8,33,1,462300,-0.334000,-0.130000
8,33,1,462340,-0.014000,0.016000
8,33,1,462380,0.207000,0.223000
8,33,1,462420,0.352000,-0.153000
8,33,1,462460,-0.161000,-0.296000
8,33,1,462500,-0.444000,0.150000
8,33,1,462540,-0.317000,0.069000
8,33,1,462580,-0.009000,0.062000
8,33,1,462620,0.459000,0.203000
8,33,1,462660,0.669000,-0.127000
8,33,1,462700,0.269000,-0.176000
8,33,1,462730,0.080000,0.106000
8,33,1,462770,-0.384000,0.566000
8,33,1,462810,-0.230000,0.070000
8,33,1,462850,0.353000,-0.718000
8,33,1,462890,0.378000,0.502000
8,33,1,462930,0.202000,0.216000
8,33,1,462970,-0.330000,-0.070000
8,33,1,463010,-0.280000,0.076000
8,33,1,463050,0.222000,-0.388000
8,33,1,463080,0.089000,0.072000
8,33,1,463120,-0.367000,0.239000
8,33,1,463160,-0.294000,-0.081000
8,33,1,463200,0.016000,-0.093000
8,33,1,463240,0.852000,-0.607000
8,33,1,463280,0.326000,0.249000
8,33,1,463320,0.091000,0.372000
8,33,1,463360,0.036000,-0.180000
8,33,1,463400,0.549000,0.262000
8,33,1,463440,0.618000,-0.324000
8,33,1,463480,0.142000,0.156000
8,33,1,463520,-0.100000,0.026000
8,33,1,463550,0.306000,-0.140000
8,33,1,463590,0.566000,0.213000
8,33,1,463630,0.297000,-0.066000
8,33,1,463670,-0.660000,0.521000
8,33,1,463710,-0.709000,0.224000
8,33,1,463750,-0.134000,-0.497000
8,33,1,463790,0.489000,0.148000
8,33,1,463830,0.451000,0.050000
8,33,1,463870,-0.302000,0.028000
8,33,1,463910,-0.373000,-0.117000
8,33,1,463940,-0.368000,0.287000
8,33,1,463980,-0.041000,0.043000
8,33,1,464020,-0.201000,-0.490000
8,33,1,464060,-0.306000,0.750000
8,33,1,464100,-0.187000,0.339000
8,33,1,464140,-0.237000,0.107000
8,33,1,464180,-0.106000,-0.100000
8,33,1,464220,-0.074000,0.000000
8,33,1,464260,-0.082000,0.353000
8,33,1,464300,0.065000,-0.185000
8,33,1,464340,0.309000,0.147000
8,33,1,464370,0.337000,0.442000
8,33,1,464410,0.190000,0.129000
8,33,1,464450,-0.242000,0.063000
8,33,1,464490,-0.381000,0.287000
8,33,1,464530,-0.139000,-0.054000
8,33,1,464570,0.001000,-0.244000
8,33,1,464610,0.358000,-0.191000
8,33,1,464650,0.204000,0.200000
8,33,1,464690,0.032000,0.266000
8,33,1,464730,0.009000,-0.167000
8,33,1,464760,-0.339000,0.834000
8,33,1,464800,-0.503000,-0.321000
8,33,1,464840,-1.160000,-0.048000
8,33,1,464880,-0.610000,0.330000
8,33,1,464920,-0.345000,0.143000
8,33,1,464960,0.172000,0.580000
8,33,1,465000,0.411000,-0.709000
8,33,1,465040,0.250000,0.153000
8,33,1,465080,-0.020000,0.108000
8,33,1,465120,-0.738000,0.509000
8,33,1,465160,-1.135000,0.839000
8,33,1,465200,-1.114000,0.096000
8,33,1,465230,-0.306000,-0.105000
8,33,1,465270,0.558000,0.079000
8,33,1,465310,0.886000,0.263000
8,33,1,465350,0.569000,-0.138000
8,33,1,465390,0.508000,-0.226000
8,33,1,465430,-0.038000,0.075000
8,33,1,465470,-0.278000,0.155000
8,33,1,465510,-0.517000,-0.254000
8,33,1,465550,-0.385000,0.130000
8,33,1,465580,0.461000,-0.293000
8,33,1,465620,0.468000,0.026000
8,33,1,465660,0.440000,-0.240000
8,33,1,465700,-0.325000,-0.210000
8,33,1,465740,-0.637000,0.130000
8,33,1,465780,-1.100000,0.125000
8,33,1,465820,-0.719000,0.466000
8,33,1,465860,-0.412000,-0.016000
8,33,1,465900,0.267000,-0.220000
8,33,1,465940,0.724000,-0.631000
8,33,1,465980,0.638000,0.027000
8,33,1,466020,-0.129000,0.102000
8,33,1,466050,-0.485000,0.074000
8,33,1,466090,-0.052000,0.046000
8,33,1,466130,0.005000,0.132000
8,33,1,466170,0.556000,-0.118000
8,33,1,466210,0.161000,0.380000
8,33,1,466250,0.266000,-0.101000
8,33,1,466290,-0.012000,-0.484000
8,33,1,466330,-0.511000,0.516000
8,33,1,466370,-0.511000,-0.459000
8,33,1,466410,-0.511000,-0.134000
8,33,1,466440,0.073000,0.167000
8,33,1,466480,0.354000,-0.468000
8,33,1,466520,0.056000,0.102000
8,33,1,466560,-0.279000,0.121000
8,33,1,466600,-0.391000,0.146000
8,33,1,466640,-0.211000,-0.198000
8,33,1,466680,-0.296000,0.139000
8,33,1,466720,-0.311000,0.528000
8,33,1,466760,-0.236000,-0.188000
8,33,1,466800,0.376000,-0.009000
8,33,1,466840,0.870000,-0.498000
8,33,1,466870,0.737000,-0.551000
8,33,1,466910,-0.122000,0.204000
8,33,1,466950,-0.989000,0.444000
8,33,1,466990,-0.985000,-0.126000
8,33,1,467030,-0.433000,-0.055000
8,33,1,467070,0.854000,-0.108000
8,33,1,467110,1.056000,-0.291000
8,33,1,467150,0.539000,0.155000
8,33,1,467190,-0.107000,-0.012000
8,33,1,467230,-0.747000,0.367000
8,33,1,467260,-0.980000,0.074000
8,33,1,467300,-0.910000,-0.275000
8,33,1,467340,-0.301000,0.250000
8,33,1,467380,0.618000,-0.182000
8,33,1,467420,0.844000,-0.517000
8,33,1,467460,0.015000,0.433000
8,33,1,467500,-0.803000,0.277000
8,33,1,467540,-1.085000,-0.530000
8,33,1,467580,-0.300000,0.070000
8,33,1,467620,0.595000,0.161000
8,33,1,467660,0.893000,-0.690000
8,33,1,467700,0.492000,-0.095000
8,33,1,467730,0.020000,0.404000
8,33,1,467770,-0.291000,-0.603000
8,33,1,467810,-0.266000,-0.008000
8,33,1,467850,0.034000,0.253000
8,33,1,467890,-0.042000,-0.346000
8,33,1,467930,0.166000,-0.165000
8,33,1,467970,0.040000,0.477000
8,33,1,468010,0.291000,-0.131000
8,33,1,468050,0.007000,-0.196000
8,33,1,468080,-0.317000,0.179000
8,33,1,468120,-0.445000,-0.657000
8,33,1,468160,-0.239000,0.389000
8,33,1,468200,-0.005000,0.674000
8,33,1,468240,0.473000,-0.359000
8,33,1,468280,0.436000,0.135000
8,33,1,468320,0.277000,-0.129000
8,33,1,468360,0.050000,-0.741000
8,33,1,468400,-0.304000,0.325000
8,33,1,468440,-0.151000,0.105000
8,33,1,468480,-0.212000,-0.264000
8,33,1,468520,0.280000,0.238000
8,33,1,468550,0.153000,0.280000
8,33,1,468590,0.007000,-0.156000
8,33,1,468630,-0.270000,-0.387000
8,33,1,468670,-0.693000,0.856000
8,33,1,468710,-0.252000,-0.083000
8,33,1,468750,-0.038000,-0.325000
8,33,1,468790,0.607000,0.067000
8,33,1,468830,0.750000,-0.510000
8,33,1,468870,0.325000,0.260000
8,33,1,468910,0.107000,0.223000
8,33,1,468940,0.409000,-0.297000
8,33,1,468980,0.593000,0.156000
8,33,1,469020,0.586000,-0.086000
8,33,1,469060,0.072000,-0.275000
8,33,1,469100,-0.118000,0.333000
8,33,1,469140,-0.134000,0.362000
8,33,1,469180,0.179000,0.016000
8,33,1,469220,0.054000,0.023000
8,33,1,469260,0.086000,0.144000
8,33,1,469300,0.192000,-0.438000
8,33,1,469340,0.124000,0.133000
8,33,1,469370,0.145000,-0.058000
8,33,1,469410,-0.618000,0.078000
8,33,1,469450,-0.760000,0.011000
8,33,1,469490,-0.459000,-0.237000
8,33,1,469530,0.162000,0.414000
8,33,1,469570,0.528000,0.033000
8,33,1,469610,0.608000,-0.521000
8,33,1,469650,0.591000,-0.320000
8,33,1,469690,0.274000,0.318000
8,33,1,469730,-0.277000,0.537000
8,33,1,469760,-0.213000,-0.070000
8,33,1,469800,-0.104000,0.356000
8,33,1,469840,0.849000,-0.509000
8,33,1,469880,0.813000,-0.438000
8,33,1,469920,0.429000,0.400000
8,33,1,469960,-0.030000,-0.440000
8,33,1,470000,-0.436000,0.147000
8,33,1,470040,-0.372000,0.376000
8,33,1,470080,-0.298000,0.072000
8,33,1,470120,-0.118000,-0.116000
8,33,1,470160,0.401000,-0.063000
8,33,1,470200,0.580000,0.119000
8,33,1,470230,0.328000,0.040000
8,33,1,470270,-0.007000,-0.074000
8,33,1,470310,-0.584000,0.493000
8,33,1,470350,-0.894000,0.257000
8,33,1,470390,-0.770000,-0.252000
8,33,1,470430,-0.319000,0.327000
8,33,1,470470,0.361000,0.184000
8,33,1,470510,0.519000,0.067000
8,33,1,470550,0.522000,-0.044000
8,33,1,470580,0.214000,0.178000
8,33,1,470620,0.045000,-0.195000
8,33,1,470660,-0.036000,-0.286000
8,33,1,470700,0.283000,-0.007000
8,33,1,470740,0.118000,-0.126000
8,33,1,470780,0.478000,0.122000
8,33,1,470820,-0.093000,0.523000
8,33,1,470860,-0.180000,-0.183000
8,33,1,470900,-0.210000,-0.599000
8,33,1,470940,0.039000,0.537000
8,33,1,470980,0.554000,-0.317000
8,33,1,471020,0.499000,0.085000
8,33,1,471050,0.366000,0.339000
8,33,1,471090,-0.127000,-0.382000
8,33,1,471130,-0.654000,0.313000
8,33,1,471170,-0.775000,0.516000
8,33,1,471210,-0.410000,-0.342000
8,33,1,471250,0.111000,-0.192000
8,33,1,471290,0.719000,-0.014000
8,33,1,471330,0.326000,0.020000
8,33,1,471370,0.071000,-0.069000
8,33,1,471410,0.190000,-0.060000
8,33,1,471440,0.321000,-0.011000
8,33,1,471480,0.122000,-0.106000
8,33,1,471520,-0.524000,0.720000
8,33,1,471560,-1.311000,0.852000
8,33,1,471600,-0.899000,-0.385000
8,33,1,471640,-0.361000,-0.032000
8,33,1,471680,0.385000,0.112000
8,33,1,471720,0.459000,-0.531000
8,33,1,471760,0.200000,0.042000
8,33,1,471800,0.264000,0.066000
8,33,1,471840,0.114000,-0.131000
8,33,1,471870,0.093000,0.122000
8,33,1,471910,0.171000,-0.179000
8,33,1,471950,-0.235000,-0.182000
8,33,1,471990,-0.129000,0.494000
8,33,1,472030,0.126000,-0.075000
8,33,1,472070,0.324000,-0.220000
8,33,1,472110,0.492000,0.056000
8,33,1,472150,0.351000,0.248000
8,33,1,472190,0.594000,-0.105000
8,33,1,472230,0.592000,-0.402000
8,33,1,472260,0.370000,0.207000
8,33,1,472300,-0.307000,0.050000
8,33,1,472340,-0.874000,0.130000
8,33,1,472380,-0.476000,0.302000
8,33,1,472420,-0.216000,0.110000
8,33,1,472460,0.443000,-0.690000
8,33,1,472500,0.316000,-0.030000
8,33,1,472540,-0.001000,0.211000
8,33,1,472580,-0.242000,-0.293000
8,33,1,472620,0.137000,0.205000
8,33,1,472660,0.419000,-0.401000
8,33,1,472700,0.271000,-0.312000
8,33,1,472730,-0.527000,0.283000
8,33,1,472770,-1.012000,-0.179000
8,33,1,472810,-0.604000,-0.364000
8,33,1,472850,0.297000,0.405000
8,33,1,472890,1.033000,-0.298000
8,33,1,472930,0.761000,-0.385000
8,33,1,472970,0.428000,0.503000
8,33,1,473010,0.159000,0.003000
8,33,1,473050,0.614000,-0.032000
8,33,1,473080,0.736000,0.002000
8,33,1,473120,0.462000,-0.376000
8,33,1,473160,-0.091000,0.178000
8,33,1,473200,-0.511000,0.077000
8,33,1,473240,-0.475000,-0.382000
8,33,1,473280,-0.022000,0.089000
8,33,1,473320,0.493000,-0.130000
8,33,1,473360,0.170000,-0.565000
8,33,1,473400,-0.012000,-0.240000
8,33,1,473440,-0.431000,0.030000
8,33,1,473480,-0.628000,-0.112000
8,33,1,473520,-0.344000,0.016000
8,33,1,473550,-0.063000,0.294000
8,33,1,473590,0.236000,-0.423000
8,33,1,473630,0.320000,-0.164000
8,33,1,473670,-0.105000,0.614000
8,33,1,473710,-0.304000,-0.009000
8,33,1,473750,-0.134000,0.152000
8,33,1,473790,0.469000,0.016000
8,33,1,473830,0.418000,-0.862000
8,33,1,473870,-0.024000,-0.169000
8,33,1,473910,-0.209000,0.349000
8,33,1,473940,-0.042000,0.283000
8,33,1,473980,0.632000,-0.216000
8,33,1,474020,0.791000,-0.174000
8,33,1,474060,0.262000,0.069000
8,33,1,474100,0.058000,-0.220000
8,33,1,474140,0.375000,-0.157000
8,33,1,474180,0.442000,0.214000
8,33,1,474220,0.162000,-0.118000
8,33,1,474260,-0.557000,0.249000
8,33,1,474300,-0.268000,0.245000
8,33,1,474340,0.229000,-0.259000
8,33,1,474370,0.455000,0.328000
8,33,1,474410,-0.252000,0.317000
8,33,1,474450,-0.556000,0.077000
8,33,1,474490,-0.236000,0.059000
8,33,1,474530,0.202000,0.136000
8,33,1,474570,0.129000,-0.049000
8,33,1,474610,0.095000,0.039000
8,33,1,474650,0.202000,-0.126000
8,33,1,474690,0.601000,-0.417000
8,33,1,474730,0.853000,-0.426000
8,33,1,474760,0.762000,-0.009000
8,33,1,474800,0.558000,0.142000
8,33,1,474840,0.334000,0.053000
8,33,1,474880,0.315000,-0.139000
8,33,1,474920,0.100000,-0.055000
8,33,1,474960,0.052000,0.122000
8,33,1,475000,-0.108000,0.371000
8,33,1,475040,0.270000,-0.388000
8,33,1,475080,0.791000,-0.602000
8,33,1,475120,1.060000,-0.103000
8,33,1,475160,0.538000,0.511000
8,33,1,475200,0.018000,0.464000
8,33,1,475230,-0.089000,-0.176000
8,33,1,475270,0.098000,0.140000
8,33,1,475310,-0.351000,0.230000
8,33,1,475350,-0.743000,-0.210000
8,33,1,475390,-1.360000,0.266000
8,33,1,475430,-0.797000,0.337000
8,33,1,475470,-0.442000,-0.113000
8,33,1,475510,0.196000,0.030000
8,33,1,475550,0.323000,-0.274000
8,33,1,475580,-0.109000,0.311000
8,33,1,475620,-0.332000,0.089000
8,33,1,475660,-0.638000,0.413000
8,33,1,475700,-0.067000,0.155000
8,33,1,475740,0.005000,-0.134000
8,33,1,475780,-0.267000,0.257000
8,33,1,475820,-0.048000,-0.657000
8,33,1,475860,0.119000,-0.166000
8,33,1,475900,0.636000,0.169000
8,33,1,475940,0.738000,-0.041000
8,33,1,475980,0.225000,0.718000
8,33,1,476020,-0.067000,0.329000
8,33,1,476050,-0.253000,-0.027000
8,33,1,476090,0.050000,-0.165000
8,33,1,476130,-0.126000,0.070000
8,33,1,476170,-0.248000,-0.060000
8,33,1,476210,-0.387000,0.015000
8,33,1,476250,-0.110000,-0.027000
8,33,1,476290,-0.172000,0.047000
8,33,1,476330,-0.319000,0.391000
8,33,1,476370,-0.378000,0.239000
8,33,1,476410,0.002000,-0.307000
8,33,1,476440,-0.521000,-0.115000
8,33,1,476480,-0.682000,0.373000
8,33,1,476520,-0.757000,-0.035000
8,33,1,476560,-0.133000,-0.014000
8,33,1,476600,0.452000,-0.629000
8,33,1,476640,-0.184000,0.436000
8,33,1,476680,-0.228000,0.555000
8,33,1,476720,-0.445000,0.361000
8,33,1,476760,0.529000,-0.046000
8,33,1,476800,0.474000,-0.214000
8,33,1,476840,0.483000,0.096000
8,33,1,476870,-0.184000,-0.392000
8,33,1,476910,-0.248000,0.228000
8,33,1,476950,0.193000,0.192000
8,33,1,476990,0.209000,0.375000
8,33,1,477030,0.126000,0.212000
8,33,1,477070,0.058000,-0.089000
8,33,1,477110,0.148000,-0.371000
8,33,1,477150,0.423000,-0.229000
8,33,1,477190,0.025000,0.104000
8,33,1,477230,-0.099000,0.007000
8,33,1,477260,-0.081000,-0.088000
8,33,1,477300,0.154000,0.298000
8,33,1,477340,0.096000,-0.370000
8,33,1,477380,-0.380000,0.050000
8,33,1,477420,-0.151000,0.192000
8,33,1,477460,-0.552000,0.294000
8,33,1,477500,-0.180000,0.071000
8,33,1,477540,-0.142000,-0.150000
8,33,1,477580,0.184000,0.443000
8,33,1,477620,0.178000,-0.045000
8,33,1,477660,0.072000,0.597000
8,33,1,477700,0.205000,0.532000
8,33,1,477730,0.194000,-0.293000
8,33,1,477770,0.314000,-0.125000
8,33,1,477810,0.008000,0.070000
8,33,1,477850,-0.292000,0.013000
8,33,1,477890,0.050000,-0.129000
8,33,1,477930,0.447000,-0.376000
8,33,1,477970,0.491000,-0.272000
8,33,1,478010,-0.078000,-0.008000
8,33,1,478050,-0.595000,0.278000
8,33,1,478080,-0.372000,0.258000
8,33,1,478120,-0.178000,0.004000
